"Id","Path","Slice Name","Alias(s)","Label","Min","Max","Must Support?","Is Modifier?","Is Summary?","Type(s)","Short","Definition","Comments","Requirements","Default Value","Meaning When Missing","Fixed Value","Pattern","Example","Minimum Value","Maximum Value","Maximum Length","Binding Strength","Binding Description","Binding Value Set","Code","Slicing Discriminator","Slicing Description","Slicing Ordered","Slicing Rules","Base Path","Base Min","Base Max","Condition(s)","Constraint(s)","Mapping: RIM Mapping","Mapping: CDA (R2)","Mapping: FiveWs Pattern Mapping","Mapping: HL7 v2 Mapping","Mapping: LOINC code for the element"
"Patient","Patient","","SubjectOfCare Client Resident
","",0,*,"","","","null {[]} {[]}
","Perfil Paciente para HCEN","Datos demográficos y administrativos sobre una persona que recibe atención médica o servicios relacionados.","","","","","","","","","",,,,,"",,,,"Patient",0,*,"","dom-2:If the resource is contained in another resource, it SHALL NOT contain nested Resources {contained.contained.empty()}
dom-3:If the resource is contained in another resource, it SHALL be referred to from elsewhere in the resource or SHALL refer to the containing resource {contained.where((('#'+id in (%resource.descendants().reference | %resource.descendants().as(canonical) | %resource.descendants().as(uri) | %resource.descendants().as(url))) or descendants().where(reference = '#').exists() or descendants().where(as(canonical) = '#').exists() or descendants().where(as(canonical) = '#').exists()).not()).trace('unmatched', id).empty()}dom-4:If a resource is contained in another resource, it SHALL NOT have a meta.versionId or a meta.lastUpdated {contained.meta.versionId.empty() and contained.meta.lastUpdated.empty()}dom-5:If a resource is contained in another resource, it SHALL NOT have a security label {contained.meta.security.empty()}dom-6:A resource should have narrative for robust management {text.`div`.exists()}","Entity. Role, or Act","Patient[classCode=PAT]","ClinicalDocument.recordTarget.patientRole"
"Patient.id","Patient.id","","","",0,1,"","","Y","id {[]} {[]}
","ID lógico de este artefacto.","ID lógico de este artefacto.","El recurso puede no tener identificador lógico cuando se envía al servidor mediante una operación de creación.","","","","","","","","",,,,,"",,,,"Resource.id",0,1,"",""
"Patient.meta","Patient.meta","","","",0,1,"","","Y","Meta {[]} {[]}
","Metadatos sobre el recurso.","Metadatos sobre el recurso.","","","","","","","","","",,,,,"",,,,"Resource.meta",0,1,"","ele-1:All FHIR elements must have a @value or children {hasValue() or (children().count() > id.count())}
"
"Patient.implicitRules","Patient.implicitRules","","","",0,0,"","Y","Y","uri {[]} {[]}
","Conjunto de reglas bajo las cuales se creó este contenido.","Conjunto de reglas bajo las cuales se creó este contenido.","Este elemento limita la interpretación del contenido a los sistemas que conocen las reglas indicadas y puede reducir la interoperabilidad. Debe evitarse cuando sea posible. Habitualmente referencia una guía que explica las reglas adicionales.","","","","","","","","",,,,,"",,,,"Resource.implicitRules",0,1,"","ele-1:All FHIR elements must have a @value or children {hasValue() or (children().count() > id.count())}
"
"Patient.language","Patient.language","","","",0,1,"","","","code {[]} {[]}
","Idioma del contenido del recurso.","Idioma del contenido del recurso.","El idioma facilita la indexación y la accesibilidad. No todo el contenido debe estar en el idioma principal. El idioma de la narrativa se indica también en el atributo lang de su elemento div; no se deduce automáticamente de Resource.language.","","","","","","","","",,"preferred","Idioma humano del contenido.","http://hl7.org/fhir/ValueSet/languages","",,,,"Resource.language",0,1,"","ele-1:All FHIR elements must have a @value or children {hasValue() or (children().count() > id.count())}
"
"Patient.text","Patient.text","","narrative
htmlxhtmldisplay","",0,1,"","","","Narrative {[]} {[]}
","Resumen del recurso en texto para interpretación humana.","Resumen del recurso en texto para interpretación humana.","Contained resources do not have narrative. Resources that are not contained SHOULD have a narrative. In some cases, a resource may only have text with little or no additional discrete data (as long as all minOccurs=1 elements are satisfied).  This may be necessary for data from legacy systems where information is captured as a ""text blob"" or where text is additionally entered raw or narrated and encoded information is added later.","","","","","","","","",,,,,"",,,,"DomainResource.text",0,1,"","ele-1:All FHIR elements must have a @value or children {hasValue() or (children().count() > id.count())}
","Act.text?"
"Patient.contained","Patient.contained","","inline resources
anonymous resourcescontained resources","",0,*,"","","","Resource {[]} {[]}
","Recursos integrados en línea (inline).","Recursos integrados en línea (inline).","This should never be done when the content can be identified properly, as once identification is lost, it is extremely difficult (and context dependent) to restore it again. Contained resources may have profiles and tags In their meta elements, but SHALL NOT have security labels.","","","","","","","","",,,,,"",,,,"DomainResource.contained",0,*,"","","N/A"
"Patient.extension","Patient.extension","","","",0,*,"","","","Extension {[]} {[]}
","Contenido adicional definido por implementaciones.","Contenido adicional definido por implementaciones.","","","","","","","","","",,,,,"","value:url}
","",,"open","DomainResource.extension",0,*,"","ele-1:All FHIR elements must have a @value or children {hasValue() or (children().count() > id.count())}
ext-1:Must have either extensions or value[x], not both {extension.exists() != value.exists()}"
"Patient.extension:genderIdentity","Patient.extension","genderIdentity","","",0,*,"","","","Extension {[CanonicalType[http://hl7.org/fhir/StructureDefinition/individual-genderIdentity]]} {[]}
","Identidad de género.","Identidad de género.","This represents an individual’s identity, ascertained by asking them what that identity is.","","","","","","","","",,,,,"",,,,"DomainResource.extension",0,*,"ele-1
","ele-1:All FHIR elements must have a @value or children {hasValue() or (children().count() > id.count())}
ext-1:Must have either extensions or value[x], not both {extension.exists() != value.exists()}"
"Patient.extension:pronouns","Patient.extension","pronouns","","",0,*,"","","","Extension {[CanonicalType[http://hl7.org/fhir/StructureDefinition/individual-pronouns]]} {[]}
","Pronombres con los que se debe referir al paciente.","Pronombres con los que se debe referir al paciente.","","","","","","","","","",,,,,"",,,,"DomainResource.extension",0,*,"ele-1
","ele-1:All FHIR elements must have a @value or children {hasValue() or (children().count() > id.count())}
ext-1:Must have either extensions or value[x], not both {extension.exists() != value.exists()}"
"Patient.extension:recordedSexOrGender","Patient.extension","recordedSexOrGender","","",0,1,"Y","","","Extension {[CanonicalType[http://hl7.org/fhir/StructureDefinition/individual-recordedSexOrGender]]} {[]}
","Registro de sexo o género; para sexo asignado al nacer se identifica el tipo de registro","Registro de sexo o género; para sexo asignado al nacer se identifica el tipo de registro","","","","","","","","","",,,,,"",,,,"DomainResource.extension",0,*,"ele-1
","ele-1:All FHIR elements must have a @value or children {hasValue() or (children().count() > id.count())}
ext-1:Must have either extensions or value[x], not both {extension.exists() != value.exists()}"
"Patient.extension:mothersMaidenName","Patient.extension","mothersMaidenName","","",0,0,"","","","Extension {[CanonicalType[http://hl7.org/fhir/StructureDefinition/patient-mothersMaidenName]]} {[]}
","El segundo apellido no equivale al apellido materno","El segundo apellido no equivale al apellido materno","","","","","","","","","",,,,,"",,,,"DomainResource.extension",0,*,"","ele-1:All FHIR elements must have a @value or children {hasValue() or (children().count() > id.count())}
ext-1:Must have either extensions or value[x], not both {extension.exists() != value.exists()}","Role relationship to entity with maiden name (?)","PID-6"
"Patient.modifierExtension","Patient.modifierExtension","","","",0,0,"","Y","","Extension {[]} {[]}
","Extensiones que no pueden ser ignoradas si no se entienden.","Extensiones que no pueden ser ignoradas si no se entienden.","","","","","","","","","",,,,,"",,,,"DomainResource.modifierExtension",0,*,"","ele-1:All FHIR elements must have a @value or children {hasValue() or (children().count() > id.count())}
ext-1:Must have either extensions or value[x], not both {extension.exists() != value.exists()}"
"Patient.identifier","Patient.identifier","","","",1,*,"","","Y","Identifier {[]} {[]}
","Identificadores para este paciente.","Identificadores para este paciente.","","Patients are almost always assigned specific numerical identifiers.","","","","","","","",,,,,"","pattern:type}
","",,"open","Patient.identifier",0,*,"","ele-1:All FHIR elements must have a @value or children {hasValue() or (children().count() > id.count())}
","id",".id","FiveWs.identifier","PID-3"
"Patient.identifier:mrn","Patient.identifier","mrn","","",1,1,"","","Y","Identifier {[CanonicalType[http://fhir.hcen.gub.uy/StructureDefinition/hcen-mrn-identifier]]} {[]}
","Identificador interno del paciente en la organización.","Identificador interno del paciente en la organización.","","Patients are almost always assigned specific numerical identifiers.","","","","","","","",,,,,"",,,,"Patient.identifier",0,*,"","ele-1:All FHIR elements must have a @value or children {hasValue() or (children().count() > id.count())}
","id",".id","FiveWs.identifier","PID-3"
"Patient.identifier:ci","Patient.identifier","ci","","",0,1,"Y","","Y","Identifier {[CanonicalType[http://fhir.hcen.gub.uy/StructureDefinition/uy-ci-identifier]]} {[]}
","Cédula de identidad del paciente.","Cédula de identidad del paciente.","","Patients are almost always assigned specific numerical identifiers.","","","","","","","",,,,,"",,,,"Patient.identifier",0,*,"","ele-1:All FHIR elements must have a @value or children {hasValue() or (children().count() > id.count())}
","id",".id","FiveWs.identifier","PID-3"
"Patient.identifier:fni","Patient.identifier","fni","","",0,*,"Y","","Y","Identifier {[CanonicalType[http://fhir.hcen.gub.uy/StructureDefinition/uy-fni-identifier]]} {[]}
","Identificador nacional emitido por otro país.","Identificador nacional extranjero del paciente, cuyo sistema identifica al organismo emisor.","","Patients are almost always assigned specific numerical identifiers.","","","","","","","",,,,,"",,,,"Patient.identifier",0,*,"","ele-1:All FHIR elements must have a @value or children {hasValue() or (children().count() > id.count())}
","id",".id","FiveWs.identifier","PID-3"
"Patient.identifier:ppn","Patient.identifier","ppn","","",0,*,"Y","","Y","Identifier {[CanonicalType[http://fhir.hcen.gub.uy/StructureDefinition/uy-ppn-identifier]]} {[]}
","Pasaporte del paciente.","Pasaporte del paciente.","","Patients are almost always assigned specific numerical identifiers.","","","","","","","",,,,,"",,,,"Patient.identifier",0,*,"","ele-1:All FHIR elements must have a @value or children {hasValue() or (children().count() > id.count())}
","id",".id","FiveWs.identifier","PID-3"
"Patient.active","Patient.active","","","",0,1,"","Y","Y","boolean {[]} {[]}
","Si el registro de este paciente está activo o no.","Si el registro de este paciente está activo o no.","If a record is inactive, and linked to an active record, then future patient/record updates should occur on the other patient.","Need to be able to mark a patient record as not to be used because it was created in error.","","This resource is generally assumed to be active if no value is provided for the active element","","","","","",,,,,"",,,,"Patient.active",0,1,"","ele-1:All FHIR elements must have a @value or children {hasValue() or (children().count() > id.count())}
","statusCode","n/a","FiveWs.status"
"Patient.name","Patient.name","","","",0,1,"Y","","Y","HumanName {[CanonicalType[http://fhir.hcen.gub.uy/StructureDefinition/uy-human-name]]} {[]}
","Nombre o nombres asociados con el paciente.","Nombre o nombres asociados con el paciente.","A patient may have multiple names with different uses or applicable periods. For animals, the name is a ""HumanName"" in the sense that is assigned and used by humans and has the same patterns.","Need to be able to track the patient by multiple names. Examples are your official name and a partner name.","","","","","","","",,,,,"",,,,"Patient.name",0,*,"","ele-1:All FHIR elements must have a @value or children {hasValue() or (children().count() > id.count())}
","name",".patient.name","PID-5, PID-9"
"Patient.telecom","Patient.telecom","","","",0,*,"Y","","Y","ContactPoint {[]} {[]}
","Detalles de contacto de la persona.","Detalles de contacto de la persona.","A Patient may have multiple ways to be contacted with different uses or applicable periods.  May need to have options for contacting the person urgently and also to help with identification. The address might not go directly to the individual, but may reach another party that is able to proxy for the patient (i.e. home phone, or pet owner's phone).","People have (primary) ways to contact them in some way such as phone, email.","","","","","","","",,,,,"","value:system}
","",,"open","Patient.telecom",0,*,"","ele-1:All FHIR elements must have a @value or children {hasValue() or (children().count() > id.count())}
","telecom",".telecom","PID-13, PID-14, PID-40"
"Patient.telecom:phone","Patient.telecom","phone","","",0,*,"Y","","Y","ContactPoint {[CanonicalType[http://fhir.hcen.gub.uy/StructureDefinition/uy-phone-contact-point]]} {[]}
","Detalles de teléfono de contacto.","Detalles de teléfono de contacto.","A Patient may have multiple ways to be contacted with different uses or applicable periods.  May need to have options for contacting the person urgently and also to help with identification. The address might not go directly to the individual, but may reach another party that is able to proxy for the patient (i.e. home phone, or pet owner's phone).","People have (primary) ways to contact them in some way such as phone, email.","","","","","","","",,,,,"",,,,"Patient.telecom",0,*,"","ele-1:All FHIR elements must have a @value or children {hasValue() or (children().count() > id.count())}
","telecom",".telecom","PID-13, PID-14, PID-40"
"Patient.telecom:email","Patient.telecom","email","","",0,*,"Y","","Y","ContactPoint {[CanonicalType[http://fhir.hcen.gub.uy/StructureDefinition/uy-email-contact-point]]} {[]}
","Detalles de correo electrónico de contacto.","Detalles de correo electrónico de contacto.","A Patient may have multiple ways to be contacted with different uses or applicable periods.  May need to have options for contacting the person urgently and also to help with identification. The address might not go directly to the individual, but may reach another party that is able to proxy for the patient (i.e. home phone, or pet owner's phone).","People have (primary) ways to contact them in some way such as phone, email.","","","","","","","",,,,,"",,,,"Patient.telecom",0,*,"","ele-1:All FHIR elements must have a @value or children {hasValue() or (children().count() > id.count())}
","telecom",".telecom","PID-13, PID-14, PID-40"
"Patient.gender","Patient.gender","","","",0,1,"Y","","Y","code {[]} {[]}
","Sexo administrativo del paciente.","Sexo administrativo del paciente.","The gender might not match the biological sex as determined by genetics or the individual's preferred identification. Note that for both humans and particularly animals, there are other legitimate possibilities than male and female, though the vast majority of systems and contexts only support male and female.  Systems providing decision support or enforcing business rules should ideally do this on the basis of Observations dealing with the specific sex or gender aspect of interest (anatomical, chromosomal, social, etc.)  However, because these observations are infrequently recorded, defaulting to the administrative gender is common practice.  Where such defaulting occurs, rule enforcement should allow for the variation between administrative and biological, chromosomal and other gender aspects.  For example, an alert about a hysterectomy on a male should be handled as a warning or overridable error, not a ""hard"" error.  See the Patient Gender and Sex section for additional information about communicating patient gender and sex.","Needed for identification of the individual, in combination with (at least) name and birth date.","","","","","","","",,"required","Sexo o género administrativo registrado.","http://hl7.org/fhir/ValueSet/administrative-gender|4.0.1","",,,,"Patient.gender",0,1,"","ele-1:All FHIR elements must have a @value or children {hasValue() or (children().count() > id.count())}
","player[classCode=PSN|ANM and determinerCode=INSTANCE]/administrativeGender",".patient.administrativeGenderCode","PID-8"
"Patient.birthDate","Patient.birthDate","","","",0,1,"Y","","Y","date {[]} {[]}
","La fecha de nacimiento del individuo.","La fecha de nacimiento del individuo.","At least an estimated year should be provided as a guess if the real DOB is unknown  There is a standard extension ""patient-birthTime"" available that should be used where Time is required (such as in maternity/infant care systems).","Age of the individual drives many clinical processes.","","","","","","","",,,,,"",,,,"Patient.birthDate",0,1,"","ele-1:All FHIR elements must have a @value or children {hasValue() or (children().count() > id.count())}
","player[classCode=PSN|ANM and determinerCode=INSTANCE]/birthTime",".patient.birthTime","PID-7","21112-8"
"Patient.deceased[x]","Patient.deceased[x]","","","",0,1,"","Y","Y","boolean {[]} {[]}
dateTime {[]} {[]}","Indica si el individuo ha fallecido o no.","Indica si el individuo ha fallecido o no.","La ausencia de este elemento no expresa si la persona ha fallecido. Muchos sistemas interpretan esa ausencia como indicio de que está viva.","The fact that a patient is deceased influences the clinical process. Also, in human communication and relation management it is necessary to know whether the person is alive.","","","","","","","",,,,,"",,,,"Patient.deceased[x]",0,1,"","ele-1:All FHIR elements must have a @value or children {hasValue() or (children().count() > id.count())}
","player[classCode=PSN|ANM and determinerCode=INSTANCE]/deceasedInd, player[classCode=PSN|ANM and determinerCode=INSTANCE]/deceasedTime","n/a","PID-30  (bool) and PID-29 (datetime)"
"Patient.address","Patient.address","","","",0,*,"Y","","Y","Address {[]} {[]}
","Una o más direcciones para el individuo.","Una o más direcciones para el individuo.","El paciente puede tener varias direcciones con distintos usos o periodos de aplicación.","May need to keep track of patient addresses for contacting, billing or reporting requirements and also to help with identification.","","","","","","","",,,,,"","profile:$this}
","",,"open","Patient.address",0,*,"","ele-1:All FHIR elements must have a @value or children {hasValue() or (children().count() > id.count())}
","addr",".addr","PID-11"
"Patient.address:uyAddress","Patient.address","uyAddress","","",0,*,"Y","","Y","Address {[CanonicalType[http://fhir.hcen.gub.uy/StructureDefinition/uy-address]]} {[]}
","Dirección física en Uruguay.","Dirección física en Uruguay.","Patient may have multiple addresses with different uses or applicable periods.","May need to keep track of patient addresses for contacting, billing or reporting requirements and also to help with identification.","","","","","","","",,,,,"",,,,"Patient.address",0,*,"","ele-1:All FHIR elements must have a @value or children {hasValue() or (children().count() > id.count())}
","addr",".addr","PID-11"
"Patient.maritalStatus","Patient.maritalStatus","","","",0,1,"","","","CodeableConcept {[]} {[]}
","Estado civil legal u oficial del paciente.","Estado civil legal u oficial del paciente.","","Most, if not all systems capture it.","","","","","","","",,"extensible","Estado civil o situación de pareja de la persona.","http://hl7.org/fhir/ValueSet/marital-status","",,,,"Patient.maritalStatus",0,1,"","ele-1:All FHIR elements must have a @value or children {hasValue() or (children().count() > id.count())}
","player[classCode=PSN]/maritalStatusCode",".patient.maritalStatusCode","PID-16"
"Patient.multipleBirth[x]","Patient.multipleBirth[x]","","","",0,1,"","","","boolean {[]} {[]}
integer {[]} {[]}","Indica si el paciente forma parte de un parto múltiple (gemelo, trillizo, etc.).","Indica si el paciente forma parte de un parto múltiple (gemelo, trillizo, etc.).","Where the valueInteger is provided, the number is the birth number in the sequence. E.g. The middle birth in triplets would be valueInteger=2 and the third born would have valueInteger=3 If a boolean value was provided for this triplets example, then all 3 patient records would have valueBoolean=true (the ordering is not indicated).","For disambiguation of multiple-birth children, especially relevant where the care provider doesn't meet the patient, such as labs.","","","","","","","",,,,,"",,,,"Patient.multipleBirth[x]",0,1,"","ele-1:All FHIR elements must have a @value or children {hasValue() or (children().count() > id.count())}
","player[classCode=PSN|ANM and determinerCode=INSTANCE]/multipleBirthInd,  player[classCode=PSN|ANM and determinerCode=INSTANCE]/multipleBirthOrderNumber","n/a","PID-24 (bool), PID-25 (integer)"
"Patient.photo","Patient.photo","","","",0,0,"","","","Attachment {[]} {[]}
","Imagen o fotografía del paciente.","Imagen o fotografía del paciente.","Utilizar fotografías de identificación, no fotografías clínicas. Limitar las dimensiones al tamaño de una miniatura y mantener un tamaño de archivo reducido para facilitar las actualizaciones.","Many EHR systems have the capability to capture an image of the patient. Fits with newer social media usage too.","","","","","","","",,,,,"",,,,"Patient.photo",0,*,"","ele-1:All FHIR elements must have a @value or children {hasValue() or (children().count() > id.count())}
","player[classCode=PSN|ANM and determinerCode=INSTANCE]/desc","n/a","OBX-5 - needs a profile"
"Patient.contact","Patient.contact","","","",0,*,"","","","BackboneElement {[]} {[]}
","Un contacto (ej. familiar, pareja) para el paciente.","Un contacto (ej. familiar, pareja) para el paciente.","Incluye familiares, contactos laborales, tutores y cuidadores. No se utiliza para registrar genealogía ni relaciones familiares que no cumplan una función de contacto.","Need to track people you can contact about the patient.","","","","","","","",,,,,"",,,,"Patient.contact",0,*,"","ele-1:All FHIR elements must have a @value or children {hasValue() or (children().count() > id.count())}
pat-1:SHALL at least contain a contact's details or a reference to an organization {name.exists() or telecom.exists() or address.exists() or organization.exists()}","player[classCode=PSN|ANM and determinerCode=INSTANCE]/scopedRole[classCode=CON]","n/a"
"Patient.contact.id","Patient.contact.id","","","",0,1,"","","","string {[]} {[]}
","Identificador del elemento dentro del recurso.","Identificador del elemento dentro del recurso.","","","","","","","","","",,,,,"",,,,"Element.id",0,1,"","","n/a"
"Patient.contact.extension","Patient.contact.extension","","","",0,*,"","","","Extension {[]} {[]}
","Contenido adicional definido mediante extensiones.","Contenido adicional definido mediante extensiones.","","","","","","","","","",,,,,"",,,,"Element.extension",0,*,"","ele-1:All FHIR elements must have a @value or children {hasValue() or (children().count() > id.count())}
ext-1:Must have either extensions or value[x], not both {extension.exists() != value.exists()}"
"Patient.contact.modifierExtension","Patient.contact.modifierExtension","","","",0,*,"","Y","Y","Extension {[]} {[]}
","Extensiones que modifican el significado del elemento y no pueden ignorarse.","Extensiones que modifican el significado del elemento y no pueden ignorarse.","","","","","","","","","",,,,,"",,,,"BackboneElement.modifierExtension",0,*,"","ele-1:All FHIR elements must have a @value or children {hasValue() or (children().count() > id.count())}
ext-1:Must have either extensions or value[x], not both {extension.exists() != value.exists()}"
"Patient.contact.relationship","Patient.contact.relationship","","","",0,*,"","","","CodeableConcept {[]} {[]}
","El tipo de relación entre el paciente y el contacto.","El tipo de relación entre el paciente y el contacto.","","Used to determine which contact person is the most relevant to approach, depending on circumstances.","","","","","","","",,"extensible","Relación entre el paciente y su persona de contacto.","http://hl7.org/fhir/ValueSet/patient-contactrelationship","",,,,"Patient.contact.relationship",0,*,"","ele-1:All FHIR elements must have a @value or children {hasValue() or (children().count() > id.count())}
","code","n/a","NK1-7, NK1-3"
"Patient.contact.name","Patient.contact.name","","","",0,1,"","","","HumanName {[CanonicalType[http://fhir.hcen.gub.uy/StructureDefinition/uy-human-name]]} {[]}
","Nombre asociado con la persona de contacto.","Nombre asociado con la persona de contacto.","","Contact persons need to be identified by name, but it is uncommon to need details about multiple other names for that contact person.","","","","","","","",,,,,"",,,,"Patient.contact.name",0,1,"","ele-1:All FHIR elements must have a @value or children {hasValue() or (children().count() > id.count())}
","name","n/a","NK1-2"
"Patient.contact.telecom","Patient.contact.telecom","","","",0,*,"","","","ContactPoint {[]} {[]}
","Detalles de contacto para la persona.","Detalles de contacto para la persona.","Contact may have multiple ways to be contacted with different uses or applicable periods.  May need to have options for contacting the person urgently, and also to help with identification.","People have (primary) ways to contact them in some way such as phone, email.","","","","","","","",,,,,"","value:system}
","",,"open","Patient.contact.telecom",0,*,"","ele-1:All FHIR elements must have a @value or children {hasValue() or (children().count() > id.count())}
","telecom","n/a","NK1-5, NK1-6, NK1-40"
"Patient.contact.telecom:phone","Patient.contact.telecom","phone","","",0,*,"","","","ContactPoint {[CanonicalType[http://fhir.hcen.gub.uy/StructureDefinition/uy-phone-contact-point]]} {[]}
","Detalles del teléfono de contacto.","Detalles del teléfono de contacto.","Contact may have multiple ways to be contacted with different uses or applicable periods.  May need to have options for contacting the person urgently, and also to help with identification.","People have (primary) ways to contact them in some way such as phone, email.","","","","","","","",,,,,"",,,,"Patient.contact.telecom",0,*,"","ele-1:All FHIR elements must have a @value or children {hasValue() or (children().count() > id.count())}
","telecom","n/a","NK1-5, NK1-6, NK1-40"
"Patient.contact.telecom:email","Patient.contact.telecom","email","","",0,*,"","","","ContactPoint {[CanonicalType[http://fhir.hcen.gub.uy/StructureDefinition/uy-email-contact-point]]} {[]}
","Detalles del correo electrónico de contacto.","Detalles del correo electrónico de contacto.","Contact may have multiple ways to be contacted with different uses or applicable periods.  May need to have options for contacting the person urgently, and also to help with identification.","People have (primary) ways to contact them in some way such as phone, email.","","","","","","","",,,,,"",,,,"Patient.contact.telecom",0,*,"","ele-1:All FHIR elements must have a @value or children {hasValue() or (children().count() > id.count())}
","telecom","n/a","NK1-5, NK1-6, NK1-40"
"Patient.contact.address","Patient.contact.address","","","",0,1,"Y","","","Address {[CanonicalType[http://fhir.hcen.gub.uy/StructureDefinition/uy-address]]} {[]}
","Dirección física o postal de la persona de contacto en Uruguay.","Dirección física o postal de la persona de contacto en Uruguay.","","Need to keep track where the contact person can be contacted per postal mail or visited.","","","","","","","",,,,,"",,,,"Patient.contact.address",0,1,"","ele-1:All FHIR elements must have a @value or children {hasValue() or (children().count() > id.count())}
","addr","n/a","NK1-4"
"Patient.contact.gender","Patient.contact.gender","","","",0,1,"","","","code {[]} {[]}
","Sexo administrativo de la persona de contacto.","Sexo administrativo de la persona de contacto.","","Needed to address the person correctly.","","","","","","","",,"required","The gender of a person used for administrative purposes.","http://hl7.org/fhir/ValueSet/administrative-gender|4.0.1","",,,,"Patient.contact.gender",0,1,"","ele-1:All FHIR elements must have a @value or children {hasValue() or (children().count() > id.count())}
","player[classCode=PSN|ANM and determinerCode=INSTANCE]/administrativeGender","n/a","NK1-15"
"Patient.contact.organization","Patient.contact.organization","","","",0,1,"","","","Reference {[]} {[CanonicalType[http://fhir.hcen.gub.uy/StructureDefinition/uy-organization]]}
","Organización a la que está vinculada la persona de contacto o que la respalda.","Organización a la que está vinculada la persona de contacto o que la respalda.","","For guardians or business related contacts, the organization is relevant.","","","","","","","",,,,,"",,,,"Patient.contact.organization",0,1,"pat-1
","ele-1:All FHIR elements must have a @value or children {hasValue() or (children().count() > id.count())}
","scoper","n/a","NK1-13, NK1-30, NK1-31, NK1-32, NK1-41"
"Patient.contact.period","Patient.contact.period","","","",0,1,"","","","Period {[]} {[]}
","Periodo durante el cual este contacto es válido para el paciente.","Periodo durante el cual este contacto es válido para el paciente.","","","","","","","","","",,,,,"",,,,"Patient.contact.period",0,1,"","ele-1:All FHIR elements must have a @value or children {hasValue() or (children().count() > id.count())}
","effectiveTime","n/a"
"Patient.communication","Patient.communication","","","",0,*,"","","","BackboneElement {[]} {[]}
","Idiomas que se pueden usar para comunicarse con el paciente sobre su salud.","Idiomas que se pueden usar para comunicarse con el paciente sobre su salud.","If no language is specified, this *implies* that the default local language is spoken.  If you need to convey proficiency for multiple modes, then you need multiple Patient.Communication associations.   For animals, language is not a relevant field, and should be absent from the instance. If the Patient does not speak the default local language, then the Interpreter Required Standard can be used to explicitly declare that an interpreter is required.","If a patient does not speak the local language, interpreters may be required, so languages spoken and proficiency are important things to keep track of both for patient and other persons of interest.","","","","","","","",,,,,"",,,,"Patient.communication",0,*,"","ele-1:All FHIR elements must have a @value or children {hasValue() or (children().count() > id.count())}
","LanguageCommunication","patient.languageCommunication"
"Patient.communication.id","Patient.communication.id","","","",0,1,"","","","string {[]} {[]}
","Identificador del elemento dentro del recurso.","Identificador del elemento dentro del recurso.","","","","","","","","","",,,,,"",,,,"Element.id",0,1,"","","n/a"
"Patient.communication.extension","Patient.communication.extension","","","",0,*,"","","","Extension {[]} {[]}
","Contenido adicional definido mediante extensiones.","Contenido adicional definido mediante extensiones.","","","","","","","","","",,,,,"",,,,"Element.extension",0,*,"","ele-1:All FHIR elements must have a @value or children {hasValue() or (children().count() > id.count())}
ext-1:Must have either extensions or value[x], not both {extension.exists() != value.exists()}"
"Patient.communication.modifierExtension","Patient.communication.modifierExtension","","","",0,*,"","Y","Y","Extension {[]} {[]}
","Extensiones que modifican el significado del elemento y no pueden ignorarse.","Extensiones que modifican el significado del elemento y no pueden ignorarse.","","","","","","","","","",,,,,"",,,,"BackboneElement.modifierExtension",0,*,"","ele-1:All FHIR elements must have a @value or children {hasValue() or (children().count() > id.count())}
ext-1:Must have either extensions or value[x], not both {extension.exists() != value.exists()}"
"Patient.communication.language","Patient.communication.language","","","",1,1,"","","","CodeableConcept {[]} {[]}
","El idioma específico codificado.","El idioma específico codificado.","The structure aa-BB with this exact casing is one the most widely used notations for locale. However not all systems actually code this but instead have it as free text. Hence CodeableConcept instead of code as the data type.","Most systems in multilingual countries will want to convey language. Not all systems actually need the regional dialect.","","","","","","","",,"preferred","Idioma utilizado para comunicarse con el paciente.","http://hl7.org/fhir/ValueSet/languages","",,,,"Patient.communication.language",1,1,"","ele-1:All FHIR elements must have a @value or children {hasValue() or (children().count() > id.count())}
","player[classCode=PSN|ANM and determinerCode=INSTANCE]/languageCommunication/code",".languageCode","PID-15, LAN-2"
"Patient.communication.preferred","Patient.communication.preferred","","","",0,1,"","","","boolean {[]} {[]}
","Indica si el paciente prefiere este idioma sobre los demás.","Indica si el paciente prefiere este idioma sobre los demás.","Identifica el idioma preferido específicamente para comunicar información de salud.","People that master multiple languages up to certain level may prefer one or more, i.e. feel more confident in communicating in a particular language making other languages sort of a fall back method.","","","","","","","",,,,,"",,,,"Patient.communication.preferred",0,1,"","ele-1:All FHIR elements must have a @value or children {hasValue() or (children().count() > id.count())}
","preferenceInd",".preferenceInd","PID-15"
"Patient.generalPractitioner","Patient.generalPractitioner","","careProvider
","",0,*,"","","","Reference {[]} {[CanonicalType[http://fhir.hcen.gub.uy/StructureDefinition/uy-organization], CanonicalType[http://fhir.hcen.gub.uy/StructureDefinition/uy-practitioner], CanonicalType[http://fhir.hcen.gub.uy/StructureDefinition/uy-practitioner-role]]}
","Médico o proveedor clínico de cabecera asignado.","Médico o proveedor clínico de cabecera asignado.","This may be the primary care provider (in a GP context), or it may be a patient nominated care manager in a community/disability setting, or even organization that will provide people to perform the care provider roles.  It is not to be used to record Care Teams, these should be in a CareTeam resource that may be linked to the CarePlan or EpisodeOfCare resources.
Multiple GPs may be recorded against the patient for various reasons, such as a student that has his home GP listed along with the GP at university during the school semesters, or a ""fly-in/fly-out"" worker that has the onsite GP also included with his home GP to remain aware of medical issues.

Jurisdictions may decide that they can profile this down to 1 if desired, or 1 per type.","","","","","","","","",,,,,"",,,,"Patient.generalPractitioner",0,*,"","ele-1:All FHIR elements must have a @value or children {hasValue() or (children().count() > id.count())}
","subjectOf.CareEvent.performer.AssignedEntity","n/a","PD1-4"
"Patient.managingOrganization","Patient.managingOrganization","","","",0,1,"","","Y","Reference {[]} {[CanonicalType[http://fhir.hcen.gub.uy/StructureDefinition/uy-organization]]}
","Organización que custodia y gestiona activamente el registro del paciente.","Organización que custodia y gestiona activamente el registro del paciente.","Existe una única organización responsable de cada registro Patient. Otras organizaciones pueden mantener sus propios registros y vincularlos mediante link o un recurso Person.","Need to know who recognizes this patient record, manages and updates it.","","","","","","","",,,,,"",,,,"Patient.managingOrganization",0,1,"","ele-1:All FHIR elements must have a @value or children {hasValue() or (children().count() > id.count())}
","scoper",".providerOrganization"
"Patient.link","Patient.link","","","",0,*,"","Y","Y","BackboneElement {[]} {[]}
","Vínculos hacia otros registros de Patient que refieren al mismo individuo real.","Vínculos hacia otros registros de Patient que refieren al mismo individuo real.","No se supone que los vínculos entre registros del paciente sean recíprocos.","There are multiple use cases:   

* Duplicate patient records due to the clerical errors associated with the difficulties of identifying humans consistently, and 
* Distribution of patient information across multiple servers.","","","","","","","",,,,,"",,,,"Patient.link",0,*,"","ele-1:All FHIR elements must have a @value or children {hasValue() or (children().count() > id.count())}
","outboundLink","n/a"
"Patient.link.id","Patient.link.id","","","",0,1,"","","","string {[]} {[]}
","Identificador del elemento dentro del recurso.","Identificador del elemento dentro del recurso.","","","","","","","","","",,,,,"",,,,"Element.id",0,1,"","","n/a"
"Patient.link.extension","Patient.link.extension","","","",0,*,"","","","Extension {[]} {[]}
","Contenido adicional definido mediante extensiones.","Contenido adicional definido mediante extensiones.","","","","","","","","","",,,,,"",,,,"Element.extension",0,*,"","ele-1:All FHIR elements must have a @value or children {hasValue() or (children().count() > id.count())}
ext-1:Must have either extensions or value[x], not both {extension.exists() != value.exists()}"
"Patient.link.modifierExtension","Patient.link.modifierExtension","","","",0,*,"","Y","Y","Extension {[]} {[]}
","Extensiones que modifican el significado del elemento y no pueden ignorarse.","Extensiones que modifican el significado del elemento y no pueden ignorarse.","","","","","","","","","",,,,,"",,,,"BackboneElement.modifierExtension",0,*,"","ele-1:All FHIR elements must have a @value or children {hasValue() or (children().count() > id.count())}
ext-1:Must have either extensions or value[x], not both {extension.exists() != value.exists()}"
"Patient.link.other","Patient.link.other","","","",1,1,"","","Y","Reference {[]} {[CanonicalType[http://fhir.hcen.gub.uy/StructureDefinition/uy-patient], CanonicalType[http://hl7.org/fhir/StructureDefinition/RelatedPerson]]}
","El otro recurso Patient o RelatedPerson al que refiere el enlace.","El otro recurso Patient o RelatedPerson al que refiere el enlace.","Una referencia a RelatedPerson permite asociarlo con el mismo individuo sin utilizar un recurso Person intermedio.","","","","","","","","",,,,,"",,,,"Patient.link.other",1,1,"","ele-1:All FHIR elements must have a @value or children {hasValue() or (children().count() > id.count())}
","id","n/a","PID-3, MRG-1"
"Patient.link.type","Patient.link.type","","","",1,1,"","","Y","code {[]} {[]}
","El tipo de enlace (replaced-by | replaces | refer | seealso).","El tipo de enlace (replaced-by | replaces | refer | seealso).","","","","","","","","","",,"required","Tipo de vínculo entre este registro del paciente y otro registro.","http://hl7.org/fhir/ValueSet/link-type|4.0.1","",,,,"Patient.link.type",1,1,"","ele-1:All FHIR elements must have a @value or children {hasValue() or (children().count() > id.count())}
","typeCode","n/a"
