"Id","Path","Slice Name","Alias(s)","Label","Min","Max","Must Support?","Is Modifier?","Is Summary?","Type(s)","Short","Definition","Comments","Requirements","Default Value","Meaning When Missing","Fixed Value","Pattern","Example","Minimum Value","Maximum Value","Maximum Length","Binding Strength","Binding Description","Binding Value Set","Code","Slicing Discriminator","Slicing Description","Slicing Ordered","Slicing Rules","Base Path","Base Min","Base Max","Condition(s)","Constraint(s)","Mapping: RIM Mapping","Mapping: FiveWs Pattern Mapping"
"List","List","","Collection
WorkingListOrganizer","",0,*,"","","","null {[]} {[]}
","Conjunto de envío HCEN","Lista HCEN que agrupa referencias documentales para su envío. Reutiliza extensiones y tipos de identificador oficiales de IHE MHD sin declarar conformidad integral con el perfil IHE.","","","","","","","","","",,,,,"",,,,"List",0,*,"","dom-2:If the resource is contained in another resource, it SHALL NOT contain nested Resources {contained.contained.empty()}
dom-3:If the resource is contained in another resource, it SHALL be referred to from elsewhere in the resource or SHALL refer to the containing resource {contained.where((('#'+id in (%resource.descendants().reference | %resource.descendants().as(canonical) | %resource.descendants().as(uri) | %resource.descendants().as(url))) or descendants().where(reference = '#').exists() or descendants().where(as(canonical) = '#').exists() or descendants().where(as(canonical) = '#').exists()).not()).trace('unmatched', id).empty()}dom-4:If a resource is contained in another resource, it SHALL NOT have a meta.versionId or a meta.lastUpdated {contained.meta.versionId.empty() and contained.meta.lastUpdated.empty()}dom-5:If a resource is contained in another resource, it SHALL NOT have a security label {contained.meta.security.empty()}dom-6:A resource should have narrative for robust management {text.`div`.exists()}lst-1:A list can only have an emptyReason if it is empty {emptyReason.empty() or entry.empty()}lst-2:The deleted flag can only be used if the mode of the list is ""changes"" {mode = 'changes' or entry.deleted.empty()}lst-3:An entry date can only be used if the mode of the list is ""working"" {mode = 'working' or entry.date.empty()}","Entity. Role, or Act","Act[classCode<ORG,moodCode=EVN]"
"List.id","List.id","","","",0,1,"","","Y","id {[]} {[]}
","ID lógico de este artefacto.","ID lógico de este artefacto.","The only time that a resource does not have an id is when it is being submitted to the server using a create operation.","","","","","","","","",,,,,"",,,,"Resource.id",0,1,"",""
"List.meta","List.meta","","","",0,1,"","","Y","Meta {[]} {[]}
","Metadatos sobre el recurso.","Metadatos sobre el recurso.","","","","","","","","","",,,,,"",,,,"Resource.meta",0,1,"","ele-1:All FHIR elements must have a @value or children {hasValue() or (children().count() > id.count())}
"
"List.implicitRules","List.implicitRules","","","",0,1,"","Y","Y","uri {[]} {[]}
","Conjunto de reglas bajo las cuales se creó este contenido.","Conjunto de reglas bajo las cuales se creó este contenido.","Asserting this rule set restricts the content to be only understood by a limited set of trading partners. This inherently limits the usefulness of the data in the long term. However, the existing health eco-system is highly fractured, and not yet ready to define, collect, and exchange data in a generally computable sense. Wherever possible, implementers and/or specification writers should avoid using this element. Often, when used, the URL is a reference to an implementation guide that defines these special rules as part of it's narrative along with other profiles, value sets, etc.","","","","","","","","",,,,,"",,,,"Resource.implicitRules",0,1,"","ele-1:All FHIR elements must have a @value or children {hasValue() or (children().count() > id.count())}
"
"List.language","List.language","","","",0,1,"","","","code {[]} {[]}
","Idioma del contenido del recurso.","Idioma del contenido del recurso.","Language is provided to support indexing and accessibility (typically, services such as text to speech use the language tag). The html language tag in the narrative applies  to the narrative. The language tag on the resource may be used to specify the language of other presentations generated from the data in the resource. Not all the content has to be in the base language. The Resource.language should not be assumed to apply to the narrative automatically. If a language is specified, it should it also be specified on the div element in the html (see rules in HTML5 for information about the relationship between xml:lang and the html lang attribute).","","","","","","","","",,"preferred","A human language.","http://hl7.org/fhir/ValueSet/languages|4.0.1","",,,,"Resource.language",0,1,"","ele-1:All FHIR elements must have a @value or children {hasValue() or (children().count() > id.count())}
"
"List.text","List.text","","narrative
htmlxhtmldisplay","",0,1,"","","","Narrative {[]} {[]}
","Resumen del recurso en texto para interpretación humana.","Resumen del recurso en texto para interpretación humana.","Contained resources do not have narrative. Resources that are not contained SHOULD have a narrative. In some cases, a resource may only have text with little or no additional discrete data (as long as all minOccurs=1 elements are satisfied).  This may be necessary for data from legacy systems where information is captured as a ""text blob"" or where text is additionally entered raw or narrated and encoded information is added later.","","","","","","","","",,,,,"",,,,"DomainResource.text",0,1,"","ele-1:All FHIR elements must have a @value or children {hasValue() or (children().count() > id.count())}
","Act.text?"
"List.contained","List.contained","","inline resources
anonymous resourcescontained resources","",0,*,"","","","Resource {[]} {[]}
","Recursos integrados en línea (inline).","Recursos integrados en línea (inline).","This should never be done when the content can be identified properly, as once identification is lost, it is extremely difficult (and context dependent) to restore it again. Contained resources may have profiles and tags In their meta elements, but SHALL NOT have security labels.","","","","","","","","",,,,,"",,,,"DomainResource.contained",0,*,"","","N/A"
"List.extension","List.extension","","","",3,*,"","","","Extension {[]} {[]}
","Contenido adicional definido por implementaciones.","Contenido adicional definido por implementaciones.","","","","","","","","","",,,,,"","value:url}
","",,"open","DomainResource.extension",0,*,"","ele-1:All FHIR elements must have a @value or children {hasValue() or (children().count() > id.count())}
ext-1:Must have either extensions or value[x], not both {extension.exists() != value.exists()}"
"List.extension:homeCommunityId","List.extension","homeCommunityId","","",1,1,"","","","Extension {[CanonicalType[http://fhir.hcen.gub.uy/StructureDefinition/ext-home-community-id]]} {[]}
","Comunidad de origen del conjunto.","Identificador de la comunidad desde la cual se accede a los documentos del conjunto.","","","","","","","","","",,,,,"",,,,"DomainResource.extension",0,*,"ele-1
","ele-1:All FHIR elements must have a @value or children {hasValue() or (children().count() > id.count())}
ext-1:Must have either extensions or value[x], not both {extension.exists() != value.exists()}"
"List.extension:designationType","List.extension","designationType","","",1,1,"","","","Extension {[CanonicalType[https://profiles.ihe.net/ITI/MHD/StructureDefinition/ihe-designationType]]} {[]}
","Tipo de contenido o designación clínica del conjunto.","Tipo de contenido o designación clínica del conjunto.","","","","","","","","","",,,,,"",,,,"DomainResource.extension",0,*,"ele-1
","ele-1:All FHIR elements must have a @value or children {hasValue() or (children().count() > id.count())}
ext-1:Must have either extensions or value[x], not both {extension.exists() != value.exists()}"
"List.extension:sourceId","List.extension","sourceId","","",1,1,"","","","Extension {[CanonicalType[https://profiles.ihe.net/ITI/MHD/StructureDefinition/ihe-sourceId]]} {[]}
","Identificador de la entidad que origina el envío.","Identificador de la entidad que origina el envío.","","","","","","","","","",,,,,"",,,,"DomainResource.extension",0,*,"ele-1
","ele-1:All FHIR elements must have a @value or children {hasValue() or (children().count() > id.count())}
ext-1:Must have either extensions or value[x], not both {extension.exists() != value.exists()}"
"List.extension:intendedRecipient","List.extension","intendedRecipient","","",0,*,"Y","","","Extension {[CanonicalType[https://profiles.ihe.net/ITI/MHD/StructureDefinition/ihe-intendedRecipient]]} {[]}
","Personas u organizaciones destinatarias del conjunto.","Personas u organizaciones destinatarias del conjunto.","","","","","","","","","",,,,,"",,,,"DomainResource.extension",0,*,"ele-1
","ele-1:All FHIR elements must have a @value or children {hasValue() or (children().count() > id.count())}
ext-1:Must have either extensions or value[x], not both {extension.exists() != value.exists()}"
"List.modifierExtension","List.modifierExtension","","","",0,*,"","Y","","Extension {[]} {[]}
","Extensiones que no pueden ser ignoradas.","Extensiones que no pueden ser ignoradas.","","","","","","","","","",,,,,"",,,,"DomainResource.modifierExtension",0,*,"","ele-1:All FHIR elements must have a @value or children {hasValue() or (children().count() > id.count())}
ext-1:Must have either extensions or value[x], not both {extension.exists() != value.exists()}"
"List.identifier","List.identifier","","","",2,*,"","","","Identifier {[]} {[]}
","Identificadores para este conjunto de documentos.","Identificadores para este conjunto de documentos.","","","","","","","","","",,,,,"","value:use}
","",,"open","List.identifier",0,*,"","ele-1:All FHIR elements must have a @value or children {hasValue() or (children().count() > id.count())}
",".id","FiveWs.identifier"
"List.identifier:entryUUID","List.identifier","entryUUID","","",1,1,"","","","Identifier {[CanonicalType[http://fhir.hcen.gub.uy/StructureDefinition/hcen-submission-set-identifier]]} {[]}
","EntryUUID con formato urn:uuid:2.[oid_documento_clinico].","Identificador técnico obligatorio del conjunto, derivado del OID [oid_documento_clinico] de cualquiera de sus documentos miembros con el formato urn:uuid:2.[oid_documento_clinico]. No existe primer documento obligatorio, documento principal ni orden relevante.","","","","","","","","","",,,,,"",,,,"List.identifier",0,*,"","ele-1:All FHIR elements must have a @value or children {hasValue() or (children().count() > id.count())}
",".id","FiveWs.identifier"
"List.identifier:uniqueId","List.identifier","uniqueId","","",1,1,"","","","Identifier {[CanonicalType[http://fhir.hcen.gub.uy/StructureDefinition/hcen-submission-set-unique-id-identifier]]} {[]}
","OID global S propio del SubmissionSet.","OID global S propio del SubmissionSet, distinto del identificador documental [oid_documento_clinico], representado mediante HCENSubmissionSetUniqueIdIdentifier.","","","","","","","","","",,,,,"",,,,"List.identifier",0,*,"","ele-1:All FHIR elements must have a @value or children {hasValue() or (children().count() > id.count())}
",".id","FiveWs.identifier"
"List.status","List.status","","","",1,1,"","Y","Y","code {[]} {[]}
","Estado de la lista: current | retired | entered-in-error.","Estado de la lista: current | retired | entered-in-error.","This element is labeled as a modifier because the status contains codes that mark the resource as not currently valid.","","","","","<valueCode xmlns=""http://hl7.org/fhir"" value=""current""/>","","","",,"required","The current state of the list.","http://hl7.org/fhir/ValueSet/list-status|4.0.1","",,,,"List.status",1,1,"","ele-1:All FHIR elements must have a @value or children {hasValue() or (children().count() > id.count())}
",".status[current=active;retired=obsolete;entered-in-error=nullified]","FiveWs.status"
"List.mode","List.mode","","","",1,1,"","Y","Y","code {[]} {[]}
","Forma en que se gestiona la lista.","Forma en que se gestiona la lista.","This element is labeled as a modifier because a change list must not be misunderstood as a complete list.","Lists are used in various ways, and it must be known in what way it is safe to use them.","","","","<valueCode xmlns=""http://hl7.org/fhir"" value=""working""/>","","","",,"required","The processing mode that applies to this list.","http://hl7.org/fhir/ValueSet/list-mode|4.0.1","",,,,"List.mode",1,1,"","ele-1:All FHIR elements must have a @value or children {hasValue() or (children().count() > id.count())}
",".outBoundRelationship[typeCode=COMP].target[classCode=OBS""].value","FiveWs.class"
"List.title","List.title","","","",0,1,"","","Y","string {[]} {[]}
","Nombre descriptivo del conjunto.","Nombre descriptivo del conjunto.","","Allows customization beyond just the code identifying the kind of list.","","","","","<valueString xmlns=""http://hl7.org/fhir"" value=""Dr. Jane's Patients""/>","","",,,,,"",,,,"List.title",0,1,"","ele-1:All FHIR elements must have a @value or children {hasValue() or (children().count() > id.count())}
",".title"
"List.code","List.code","","","",1,1,"","","Y","CodeableConcept {[]} {[]}
","Fija el tipo de lista.","Fija el tipo de lista.","If there is no code, the purpose of the list is implied where it is used, such as in a document section using Document.section.code.","Lists often contain subsets of resources rather than an exhaustive list.  The code identifies what type of subset is included.","","","","","","","",,"example","What the purpose of a list is.","http://hl7.org/fhir/ValueSet/list-example-codes|4.0.1","",,,,"List.code",0,1,"","ele-1:All FHIR elements must have a @value or children {hasValue() or (children().count() > id.count())}
",".code","FiveWs.what[x]"
"List.code.id","List.code.id","","","",0,1,"","","","string {[]} {[]}
","Unique id for inter-element referencing","Unique id for the element within a resource (for internal references). This may be any string value that does not contain spaces.","","","","","","","","","",,,,,"",,,,"Element.id",0,1,"","","n/a"
"List.code.extension","List.code.extension","","extensions
user content","",0,*,"","","","Extension {[]} {[]}
","Additional content defined by implementations","May be used to represent additional information that is not part of the basic definition of the element. To make the use of extensions safe and manageable, there is a strict set of governance  applied to the definition and use of extensions. Though any implementer can define an extension, there is a set of requirements that SHALL be met as part of the definition of the extension.","There can be no stigma associated with the use of extensions by any application, project, or standard - regardless of the institution or jurisdiction that uses or defines the extensions.  The use of extensions is what allows the FHIR specification to retain a core level of simplicity for everyone.","","","","","","","","",,,,,"","value:url}
","Extensions are always sliced by (at least) url",,"open","Element.extension",0,*,"","ele-1:All FHIR elements must have a @value or children {hasValue() or (children().count() > id.count())}
ext-1:Must have either extensions or value[x], not both {extension.exists() != value.exists()}","n/a"
"List.code.coding","List.code.coding","","","",1,*,"","","Y","Coding {[]} {[]}
","Code defined by a terminology system","A reference to a code defined by a terminology system.","Codes may be defined very casually in enumerations, or code lists, up to very formal definitions such as SNOMED CT - see the HL7 v3 Core Principles for more information.  Ordering of codings is undefined and SHALL NOT be used to infer meaning. Generally, at most only one of the coding values will be labeled as UserSelected = true.","Allows for alternative encodings within a code system, and translations to other code systems.","","","","","","","",,,,,"",,,,"CodeableConcept.coding",0,*,"","ele-1:All FHIR elements must have a @value or children {hasValue() or (children().count() > id.count())}
","union(., ./translation)"
"List.code.coding.id","List.code.coding.id","","","",0,1,"","","","string {[]} {[]}
","Unique id for inter-element referencing","Unique id for the element within a resource (for internal references). This may be any string value that does not contain spaces.","","","","","","","","","",,,,,"",,,,"Element.id",0,1,"","","n/a"
"List.code.coding.extension","List.code.coding.extension","","extensions
user content","",0,*,"","","","Extension {[]} {[]}
","Additional content defined by implementations","May be used to represent additional information that is not part of the basic definition of the element. To make the use of extensions safe and manageable, there is a strict set of governance  applied to the definition and use of extensions. Though any implementer can define an extension, there is a set of requirements that SHALL be met as part of the definition of the extension.","There can be no stigma associated with the use of extensions by any application, project, or standard - regardless of the institution or jurisdiction that uses or defines the extensions.  The use of extensions is what allows the FHIR specification to retain a core level of simplicity for everyone.","","","","","","","","",,,,,"","value:url}
","Extensions are always sliced by (at least) url",,"open","Element.extension",0,*,"","ele-1:All FHIR elements must have a @value or children {hasValue() or (children().count() > id.count())}
ext-1:Must have either extensions or value[x], not both {extension.exists() != value.exists()}","n/a"
"List.code.coding.system","List.code.coding.system","","","",0,1,"","","Y","uri {[]} {[]}
","Identity of the terminology system","The identification of the code system that defines the meaning of the symbol in the code.","The URI may be an OID (urn:oid:...) or a UUID (urn:uuid:...).  OIDs and UUIDs SHALL be references to the HL7 OID registry. Otherwise, the URI should come from HL7's list of FHIR defined special URIs or it should reference to some definition that establishes the system clearly and unambiguously.","Need to be unambiguous about the source of the definition of the symbol.","","","<valueUri xmlns=""http://hl7.org/fhir"" value=""https://profiles.ihe.net/ITI/MHD/CodeSystem/MHDlistTypes""/>","","","","",,,,,"",,,,"Coding.system",0,1,"","ele-1:All FHIR elements must have a @value or children {hasValue() or (children().count() > id.count())}
","./codeSystem"
"List.code.coding.version","List.code.coding.version","","","",0,1,"","","Y","string {[]} {[]}
","Version of the system - if relevant","The version of the code system which was used when choosing this code. Note that a well-maintained code system does not need the version reported, because the meaning of codes is consistent across versions. However this cannot consistently be assured, and when the meaning is not guaranteed to be consistent, the version SHOULD be exchanged.","Where the terminology does not clearly define what string should be used to identify code system versions, the recommendation is to use the date (expressed in FHIR date format) on which that version was officially published as the version date.","","","","","","","","",,,,,"",,,,"Coding.version",0,1,"","ele-1:All FHIR elements must have a @value or children {hasValue() or (children().count() > id.count())}
","./codeSystemVersion"
"List.code.coding.code","List.code.coding.code","","","",0,1,"","","Y","code {[]} {[]}
","Symbol in syntax defined by the system","A symbol in syntax defined by the system. The symbol may be a predefined code or an expression in a syntax defined by the coding system (e.g. post-coordination).","","Need to refer to a particular code in the system.","","","<valueCode xmlns=""http://hl7.org/fhir"" value=""submissionset""/>","","","","",,,,,"",,,,"Coding.code",0,1,"","ele-1:All FHIR elements must have a @value or children {hasValue() or (children().count() > id.count())}
","./code"
"List.code.coding.display","List.code.coding.display","","","",0,1,"","","Y","string {[]} {[]}
","Representation defined by the system","A representation of the meaning of the code in the system, following the rules of the system.","","Need to be able to carry a human-readable meaning of the code for readers that do not know  the system.","","","","","","","",,,,,"",,,,"Coding.display",0,1,"","ele-1:All FHIR elements must have a @value or children {hasValue() or (children().count() > id.count())}
","CV.displayName"
"List.code.coding.userSelected","List.code.coding.userSelected","","","",0,1,"","","Y","boolean {[]} {[]}
","If this coding was chosen directly by the user","Indicates that this coding was chosen by a user directly - e.g. off a pick list of available items (codes or displays).","Amongst a set of alternatives, a directly chosen code is the most appropriate starting point for new translations. There is some ambiguity about what exactly 'directly chosen' implies, and trading partner agreement may be needed to clarify the use of this element and its consequences more completely.","This has been identified as a clinical safety criterium - that this exact system/code pair was chosen explicitly, rather than inferred by the system based on some rules or language processing.","","","","","","","",,,,,"",,,,"Coding.userSelected",0,1,"","ele-1:All FHIR elements must have a @value or children {hasValue() or (children().count() > id.count())}
","CD.codingRationale"
"List.code.text","List.code.text","","","",0,1,"","","Y","string {[]} {[]}
","Plain text representation of the concept","A human language representation of the concept as seen/selected/uttered by the user who entered the data and/or which represents the intended meaning of the user.","Very often the text is the same as a displayName of one of the codings.","The codes from the terminologies do not always capture the correct meaning with all the nuances of the human using them, or sometimes there is no appropriate code at all. In these cases, the text is used to capture the full meaning of the source.","","","","","","","",,,,,"",,,,"CodeableConcept.text",0,1,"","ele-1:All FHIR elements must have a @value or children {hasValue() or (children().count() > id.count())}
","./originalText[mediaType/code=""text/plain""]/data"
"List.subject","List.subject","","","",1,1,"","","Y","Reference {[]} {[CanonicalType[http://fhir.hcen.gub.uy/StructureDefinition/hcen-patient]]}
","Paciente al que pertenecen los documentos incluidos.","Paciente al que pertenecen los documentos incluidos.","Some purely arbitrary lists do not have a common subject, so this is optional.","The primary purpose of listing the subject explicitly is to help with finding the right list.","","","","","","","",,,,,"",,,,"List.subject",0,1,"","ele-1:All FHIR elements must have a @value or children {hasValue() or (children().count() > id.count())}
",".participation[typeCode<SUB].role (and sometimes .player)","FiveWs.subject[x]","FiveWs.subject"
"List.encounter","List.encounter","","","",0,1,"","","","Reference {[]} {[CanonicalType[http://hl7.org/fhir/StructureDefinition/Encounter|4.0.1]]}
","Contexto de encuentro clínico.","Contexto de encuentro clínico.","","","","","","","","","",,,,,"",,,,"List.encounter",0,1,"","ele-1:All FHIR elements must have a @value or children {hasValue() or (children().count() > id.count())}
","inboundRelationship[typeCode=COMP].source[classCode=ENC, moodCode=EVN]","FiveWs.context"
"List.date","List.date","","","",1,1,"","","Y","dateTime {[]} {[]}
","Fecha y hora de agrupación del conjunto.","Fecha y hora de agrupación del conjunto.","The actual important date is the date of currency of the resources that were summarized, but it is usually assumed that these are current when the preparation occurs.","Identifies how current the list is which affects relevance.","","","","","","","",,,,,"",,,,"List.date",0,1,"","ele-1:All FHIR elements must have a @value or children {hasValue() or (children().count() > id.count())}
",".participation[typeCode<AUT].time[type=TS]","FiveWs.recorded"
"List.source","List.source","","Author
","",1,1,"","","Y","Reference {[]} {[CanonicalType[http://fhir.hcen.gub.uy/StructureDefinition/hcen-practitioner-role]]}
","Autor que creó el conjunto de envío.","Referencia obligatoria a HCENPractitionerRole, que identifica al profesional y su institución como autor del conjunto. Los recursos Practitioner u Organization adicionales del envío no sustituyen esta referencia.","The primary source is the entity that made the decisions what items are in the list. This may be software or user.","Allows follow-up as well as context.","","","","","","","",,,,,"",,,,"List.source",0,1,"","ele-1:All FHIR elements must have a @value or children {hasValue() or (children().count() > id.count())}
",".participation[typeCode<AUT].role[classCode=REL].player[classCode=PSN,determinerCode=INST] or .participation[typeCode<AUT].role[classCode=REL].player[classCode=DEV,determinerCode=INST]","FiveWs.author"
"List.source.id","List.source.id","","","",0,1,"","","","string {[]} {[]}
","Unique id for inter-element referencing","Unique id for the element within a resource (for internal references). This may be any string value that does not contain spaces.","","","","","","","","","",,,,,"",,,,"Element.id",0,1,"","","n/a"
"List.source.extension","List.source.extension","","extensions
user content","",0,*,"","","","Extension {[]} {[]}
","Additional content defined by implementations","May be used to represent additional information that is not part of the basic definition of the element. To make the use of extensions safe and manageable, there is a strict set of governance  applied to the definition and use of extensions. Though any implementer can define an extension, there is a set of requirements that SHALL be met as part of the definition of the extension.","There can be no stigma associated with the use of extensions by any application, project, or standard - regardless of the institution or jurisdiction that uses or defines the extensions.  The use of extensions is what allows the FHIR specification to retain a core level of simplicity for everyone.","","","","","","","","",,,,,"","value:url}
","Extensions are always sliced by (at least) url",,"open","Element.extension",0,*,"","ele-1:All FHIR elements must have a @value or children {hasValue() or (children().count() > id.count())}
ext-1:Must have either extensions or value[x], not both {extension.exists() != value.exists()}","n/a"
"List.source.reference","List.source.reference","","","",1,1,"","","Y","string {[]} {[]}
","Literal reference, Relative, internal or absolute URL","A reference to a location at which the other resource is found. The reference may be a relative reference, in which case it is relative to the service base URL, or an absolute URL that resolves to the location where the resource is found. The reference may be version specific or not. If the reference is not to a FHIR RESTful server, then it should be assumed to be version specific. Internal fragment references (start with '#') refer to contained resources.","Using absolute URLs provides a stable scalable approach suitable for a cloud/web context, while using relative/logical references provides a flexible approach suitable for use when trading across closed eco-system boundaries.   Absolute URLs do not need to point to a FHIR RESTful server, though this is the preferred approach. If the URL conforms to the structure ""/[type]/[id]"" then it should be assumed that the reference is to a FHIR RESTful server.","","","","","","","","",,,,,"",,,,"Reference.reference",0,1,"ref-1
","ele-1:All FHIR elements must have a @value or children {hasValue() or (children().count() > id.count())}
","N/A"
"List.source.type","List.source.type","","","",0,1,"","","Y","uri {[]} {[]}
","Type the reference refers to (e.g. ""Patient"")","The expected type of the target of the reference. If both Reference.type and Reference.reference are populated and Reference.reference is a FHIR URL, both SHALL be consistent.

The type is the Canonical URL of Resource Definition that is the type this reference refers to. References are URLs that are relative to http://hl7.org/fhir/StructureDefinition/ e.g. ""Patient"" is a reference to http://hl7.org/fhir/StructureDefinition/Patient. Absolute URLs are only allowed for logical models (and can only be used in references in logical models, not resources).","This element is used to indicate the type of  the target of the reference. This may be used which ever of the other elements are populated (or not). In some cases, the type of the target may be determined by inspection of the reference (e.g. a RESTful URL) or by resolving the target of the reference; if both the type and a reference is provided, the reference SHALL resolve to a resource of the same type as that specified.","","","","","","","","",,"extensible","Aa resource (or, for logical models, the URI of the logical model).","http://hl7.org/fhir/ValueSet/resource-types|4.0.1","",,,,"Reference.type",0,1,"","ele-1:All FHIR elements must have a @value or children {hasValue() or (children().count() > id.count())}
","N/A"
"List.source.identifier","List.source.identifier","","","",0,1,"","","Y","Identifier {[]} {[]}
","Logical reference, when literal reference is not known","An identifier for the target resource. This is used when there is no way to reference the other resource directly, either because the entity it represents is not available through a FHIR server, or because there is no way for the author of the resource to convert a known identifier to an actual location. There is no requirement that a Reference.identifier point to something that is actually exposed as a FHIR instance, but it SHALL point to a business concept that would be expected to be exposed as a FHIR instance, and that instance would need to be of a FHIR resource type allowed by the reference.","When an identifier is provided in place of a reference, any system processing the reference will only be able to resolve the identifier to a reference if it understands the business context in which the identifier is used. Sometimes this is global (e.g. a national identifier) but often it is not. For this reason, none of the useful mechanisms described for working with references (e.g. chaining, includes) are possible, nor should servers be expected to be able resolve the reference. Servers may accept an identifier based reference untouched, resolve it, and/or reject it - see CapabilityStatement.rest.resource.referencePolicy. 

When both an identifier and a literal reference are provided, the literal reference is preferred. Applications processing the resource are allowed - but not required - to check that the identifier matches the literal reference

Applications converting a logical reference to a literal reference may choose to leave the logical reference present, or remove it.

Reference is intended to point to a structure that can potentially be expressed as a FHIR resource, though there is no need for it to exist as an actual FHIR resource instance - except in as much as an application wishes to actual find the target of the reference. The content referred to be the identifier must meet the logical constraints implied by any limitations on what resource types are permitted for the reference.  For example, it would not be legitimate to send the identifier for a drug prescription if the type were Reference(Observation|DiagnosticReport).  One of the use-cases for Reference.identifier is the situation where no FHIR representation exists (where the type is Reference (Any).","","","","","","","","",,,,,"",,,,"Reference.identifier",0,1,"","ele-1:All FHIR elements must have a @value or children {hasValue() or (children().count() > id.count())}
",".identifier"
"List.source.display","List.source.display","","","",0,1,"","","Y","string {[]} {[]}
","Text alternative for the resource","Plain text narrative that identifies the resource in addition to the resource reference.","This is generally not the same as the Resource.text of the referenced resource.  The purpose is to identify what's being referenced, not to fully describe it.","","","","","","","","",,,,,"",,,,"Reference.display",0,1,"","ele-1:All FHIR elements must have a @value or children {hasValue() or (children().count() > id.count())}
","N/A"
"List.orderedBy","List.orderedBy","","","",0,1,"","","","CodeableConcept {[]} {[]}
","Criterio de ordenación.","Criterio de ordenación.","Applications SHOULD render ordered lists in the order provided, but MAY allow users to re-order based on their own preferences as well. If there is no order specified, the order is unknown, though there may still be some order.","Important for presentation and rendering.  Lists may be sorted to place more important information first or to group related entries.","","","","","","","",,"preferred","What order applies to the items in a list.","http://hl7.org/fhir/ValueSet/list-order|4.0.1","",,,,"List.orderedBy",0,1,"","ele-1:All FHIR elements must have a @value or children {hasValue() or (children().count() > id.count())}
",".outboundRelationship[typeCode=COMP].sequenceNumber > 1"
"List.note","List.note","","","",0,*,"","","","Annotation {[]} {[]}
","Comentarios sobre el SubmissionSet.","Comentarios sobre el SubmissionSet.","","","","","","","","","",,,,,"",,,,"List.note",0,*,"","ele-1:All FHIR elements must have a @value or children {hasValue() or (children().count() > id.count())}
",".inboundRelationship[typeCode=SUBJ].act.text"
"List.entry","List.entry","","","",1,*,"","","","BackboneElement {[]} {[]}
","Documentos que componen este conjunto.","Documentos que componen este conjunto.","If there are no entries in the list, an emptyReason SHOULD be provided.","","","","","","","","",,,,,"",,,,"List.entry",0,*,"lst-1
","ele-1:All FHIR elements must have a @value or children {hasValue() or (children().count() > id.count())}
",".outboundRelationship[typeCode=COMP] or  .participation[typeCode=SBJ]"
"List.entry.id","List.entry.id","","","",0,1,"","","","string {[]} {[]}
","Unique id for inter-element referencing","Unique id for the element within a resource (for internal references). This may be any string value that does not contain spaces.","","","","","","","","","",,,,,"",,,,"Element.id",0,1,"","","n/a"
"List.entry.extension","List.entry.extension","","extensions
user content","",0,*,"","","","Extension {[]} {[]}
","Additional content defined by implementations","May be used to represent additional information that is not part of the basic definition of the element. To make the use of extensions safe and manageable, there is a strict set of governance  applied to the definition and use of extensions. Though any implementer can define an extension, there is a set of requirements that SHALL be met as part of the definition of the extension.","There can be no stigma associated with the use of extensions by any application, project, or standard - regardless of the institution or jurisdiction that uses or defines the extensions.  The use of extensions is what allows the FHIR specification to retain a core level of simplicity for everyone.","","","","","","","","",,,,,"",,,,"Element.extension",0,*,"","ele-1:All FHIR elements must have a @value or children {hasValue() or (children().count() > id.count())}
ext-1:Must have either extensions or value[x], not both {extension.exists() != value.exists()}","n/a"
"List.entry.modifierExtension","List.entry.modifierExtension","","extensions
user contentmodifiers","",0,*,"","Y","Y","Extension {[]} {[]}
","Extensions that cannot be ignored even if unrecognized","May be used to represent additional information that is not part of the basic definition of the element and that modifies the understanding of the element in which it is contained and/or the understanding of the containing element's descendants. Usually modifier elements provide negation or qualification. To make the use of extensions safe and manageable, there is a strict set of governance applied to the definition and use of extensions. Though any implementer can define an extension, there is a set of requirements that SHALL be met as part of the definition of the extension. Applications processing a resource are required to check for modifier extensions.

Modifier extensions SHALL NOT change the meaning of any elements on Resource or DomainResource (including cannot change the meaning of modifierExtension itself).","There can be no stigma associated with the use of extensions by any application, project, or standard - regardless of the institution or jurisdiction that uses or defines the extensions.  The use of extensions is what allows the FHIR specification to retain a core level of simplicity for everyone.","Modifier extensions allow for extensions that *cannot* be safely ignored to be clearly distinguished from the vast majority of extensions which can be safely ignored.  This promotes interoperability by eliminating the need for implementers to prohibit the presence of extensions. For further information, see the [definition of modifier extensions](http://hl7.org/fhir/R4/extensibility.html#modifierExtension).","","","","","","","",,,,,"",,,,"BackboneElement.modifierExtension",0,*,"","ele-1:All FHIR elements must have a @value or children {hasValue() or (children().count() > id.count())}
ext-1:Must have either extensions or value[x], not both {extension.exists() != value.exists()}","N/A"
"List.entry.flag","List.entry.flag","","","",0,1,"","","","CodeableConcept {[]} {[]}
","Bandera de estado del ítem.","Bandera de estado del ítem.","The flag can only be understood in the context of the List.code. If the flag means that the entry has actually been deleted from the list, the deleted element SHALL be true. Deleted can only be used if the List.mode is ""changes"".","This field is present to support various clinical uses of lists, such as a discharge summary medication list, where flags specify whether the medication was added, modified, or deleted from the list.","","","","","","","",,"example","Codes that provide further information about the reason and meaning of the item in the list.","http://hl7.org/fhir/ValueSet/list-item-flag|4.0.1","",,,,"List.entry.flag",0,1,"","ele-1:All FHIR elements must have a @value or children {hasValue() or (children().count() > id.count())}
",".outBoundRelationship[typeCode=COMP].target[classCode=OBS""].value"
"List.entry.deleted","List.entry.deleted","","","",0,0,"","Y","","boolean {[]} {[]}
","Si el ítem fue eliminado de la lista.","Si el ítem fue eliminado de la lista.","If the flag means that the entry has actually been deleted from the list, the deleted element SHALL be true. Both flag and deleted can only be used if the List.mode is ""changes"". A deleted entry should be displayed in narrative as deleted.  This element is labeled as a modifier because it indicates that an item is (to be) no longer in the list.","The flag element may contain codes that an application processing the list does not understand. However there can be no ambiguity if a list item is actually marked as ""deleted"".","","List items are generally only treated as deleted when this element explicitly carries a value of true. Systems SHOULD always populate this value when mode is 'changes'","","","","","",,,,,"",,,,"List.entry.deleted",0,1,"lst-2
","ele-1:All FHIR elements must have a @value or children {hasValue() or (children().count() > id.count())}
","added: .updateMode=(""A"",""AR"")  retained: .updateMode=""NC""  updated: .updateMode=""R""  deleted: .updateMode=""D"""
"List.entry.date","List.entry.date","","","",0,1,"","","","dateTime {[]} {[]}
","Cuándo fue agregado el ítem.","Cuándo fue agregado el ítem.","","The date may be significant for understanding the meaning of items in a working list.","","","","","","","",,,,,"",,,,"List.entry.date",0,1,"","ele-1:All FHIR elements must have a @value or children {hasValue() or (children().count() > id.count())}
",".availabilityTime"
"List.entry.item","List.entry.item","","","",1,1,"","","","Reference {[]} {[CanonicalType[http://fhir.hcen.gub.uy/StructureDefinition/hcen-document-reference]]}
","Referencia a un DocumentReference incluido en el conjunto.","Referencia a un DocumentReference incluido en el conjunto.","","","","","","","","","",,,,,"",,,,"List.entry.item",1,1,"","ele-1:All FHIR elements must have a @value or children {hasValue() or (children().count() > id.count())}
",".target or .role or .role.entity"
"List.entry.item.id","List.entry.item.id","","","",0,1,"","","","string {[]} {[]}
","Unique id for inter-element referencing","Unique id for the element within a resource (for internal references). This may be any string value that does not contain spaces.","","","","","","","","","",,,,,"",,,,"Element.id",0,1,"","","n/a"
"List.entry.item.extension","List.entry.item.extension","","extensions
user content","",0,*,"","","","Extension {[]} {[]}
","Additional content defined by implementations","May be used to represent additional information that is not part of the basic definition of the element. To make the use of extensions safe and manageable, there is a strict set of governance  applied to the definition and use of extensions. Though any implementer can define an extension, there is a set of requirements that SHALL be met as part of the definition of the extension.","There can be no stigma associated with the use of extensions by any application, project, or standard - regardless of the institution or jurisdiction that uses or defines the extensions.  The use of extensions is what allows the FHIR specification to retain a core level of simplicity for everyone.","","","","","","","","",,,,,"","value:url}
","Extensions are always sliced by (at least) url",,"open","Element.extension",0,*,"","ele-1:All FHIR elements must have a @value or children {hasValue() or (children().count() > id.count())}
ext-1:Must have either extensions or value[x], not both {extension.exists() != value.exists()}","n/a"
"List.entry.item.reference","List.entry.item.reference","","","",1,1,"","","Y","string {[]} {[]}
","Literal reference, Relative, internal or absolute URL","A reference to a location at which the other resource is found. The reference may be a relative reference, in which case it is relative to the service base URL, or an absolute URL that resolves to the location where the resource is found. The reference may be version specific or not. If the reference is not to a FHIR RESTful server, then it should be assumed to be version specific. Internal fragment references (start with '#') refer to contained resources.","Using absolute URLs provides a stable scalable approach suitable for a cloud/web context, while using relative/logical references provides a flexible approach suitable for use when trading across closed eco-system boundaries.   Absolute URLs do not need to point to a FHIR RESTful server, though this is the preferred approach. If the URL conforms to the structure ""/[type]/[id]"" then it should be assumed that the reference is to a FHIR RESTful server.","","","","","","","","",,,,,"",,,,"Reference.reference",0,1,"ref-1
","ele-1:All FHIR elements must have a @value or children {hasValue() or (children().count() > id.count())}
","N/A"
"List.entry.item.type","List.entry.item.type","","","",0,1,"","","Y","uri {[]} {[]}
","Type the reference refers to (e.g. ""Patient"")","The expected type of the target of the reference. If both Reference.type and Reference.reference are populated and Reference.reference is a FHIR URL, both SHALL be consistent.

The type is the Canonical URL of Resource Definition that is the type this reference refers to. References are URLs that are relative to http://hl7.org/fhir/StructureDefinition/ e.g. ""Patient"" is a reference to http://hl7.org/fhir/StructureDefinition/Patient. Absolute URLs are only allowed for logical models (and can only be used in references in logical models, not resources).","This element is used to indicate the type of  the target of the reference. This may be used which ever of the other elements are populated (or not). In some cases, the type of the target may be determined by inspection of the reference (e.g. a RESTful URL) or by resolving the target of the reference; if both the type and a reference is provided, the reference SHALL resolve to a resource of the same type as that specified.","","","","","","","","",,"extensible","Aa resource (or, for logical models, the URI of the logical model).","http://hl7.org/fhir/ValueSet/resource-types|4.0.1","",,,,"Reference.type",0,1,"","ele-1:All FHIR elements must have a @value or children {hasValue() or (children().count() > id.count())}
","N/A"
"List.entry.item.identifier","List.entry.item.identifier","","","",0,1,"","","Y","Identifier {[]} {[]}
","Logical reference, when literal reference is not known","An identifier for the target resource. This is used when there is no way to reference the other resource directly, either because the entity it represents is not available through a FHIR server, or because there is no way for the author of the resource to convert a known identifier to an actual location. There is no requirement that a Reference.identifier point to something that is actually exposed as a FHIR instance, but it SHALL point to a business concept that would be expected to be exposed as a FHIR instance, and that instance would need to be of a FHIR resource type allowed by the reference.","When an identifier is provided in place of a reference, any system processing the reference will only be able to resolve the identifier to a reference if it understands the business context in which the identifier is used. Sometimes this is global (e.g. a national identifier) but often it is not. For this reason, none of the useful mechanisms described for working with references (e.g. chaining, includes) are possible, nor should servers be expected to be able resolve the reference. Servers may accept an identifier based reference untouched, resolve it, and/or reject it - see CapabilityStatement.rest.resource.referencePolicy. 

When both an identifier and a literal reference are provided, the literal reference is preferred. Applications processing the resource are allowed - but not required - to check that the identifier matches the literal reference

Applications converting a logical reference to a literal reference may choose to leave the logical reference present, or remove it.

Reference is intended to point to a structure that can potentially be expressed as a FHIR resource, though there is no need for it to exist as an actual FHIR resource instance - except in as much as an application wishes to actual find the target of the reference. The content referred to be the identifier must meet the logical constraints implied by any limitations on what resource types are permitted for the reference.  For example, it would not be legitimate to send the identifier for a drug prescription if the type were Reference(Observation|DiagnosticReport).  One of the use-cases for Reference.identifier is the situation where no FHIR representation exists (where the type is Reference (Any).","","","","","","","","",,,,,"",,,,"Reference.identifier",0,1,"","ele-1:All FHIR elements must have a @value or children {hasValue() or (children().count() > id.count())}
",".identifier"
"List.entry.item.display","List.entry.item.display","","","",0,1,"","","Y","string {[]} {[]}
","Text alternative for the resource","Plain text narrative that identifies the resource in addition to the resource reference.","This is generally not the same as the Resource.text of the referenced resource.  The purpose is to identify what's being referenced, not to fully describe it.","","","","","","","","",,,,,"",,,,"Reference.display",0,1,"","ele-1:All FHIR elements must have a @value or children {hasValue() or (children().count() > id.count())}
","N/A"
"List.emptyReason","List.emptyReason","","","",0,0,"","","","CodeableConcept {[]} {[]}
","Razón por la cual la lista está vacía.","Razón por la cual la lista está vacía.","The various reasons for an empty list make a significant interpretation to its interpretation. Note that this code is for use when the entire list has been suppressed, and not for when individual items are omitted - implementers may consider using a text note or a flag on an entry in these cases.","Allows capturing things like ""none exist"" or ""not asked"" which can be important for most lists.","","","","","","","",,"preferred","If a list is empty, why it is empty.","http://hl7.org/fhir/ValueSet/list-empty-reason|4.0.1","",,,,"List.emptyReason",0,1,"lst-1
","ele-1:All FHIR elements must have a @value or children {hasValue() or (children().count() > id.count())}
",".inboundRelationship[typeCode=SUBJ,code<ListEmptyReason].value[type=CD]"
