"Id","Path","Slice Name","Alias(s)","Label","Min","Max","Must Support?","Is Modifier?","Is Summary?","Type(s)","Short","Definition","Comments","Requirements","Default Value","Meaning When Missing","Fixed Value","Pattern","Example","Minimum Value","Maximum Value","Maximum Length","Binding Strength","Binding Description","Binding Value Set","Code","Slicing Discriminator","Slicing Description","Slicing Ordered","Slicing Rules","Base Path","Base Min","Base Max","Condition(s)","Constraint(s)","Mapping: HL7 v2 Mapping","Mapping: RIM Mapping","Mapping: ServD"
"Identifier","Identifier","","","",0,*,"","","","null {[]} {[]}
","Identificador institucional HCEN","Identificador de organización que fija el sistema RFC 3986 y exige un OID incluido en el catálogo institucional HCEN.","","","","","","","","","",,,,,"",,,,"Identifier",0,*,"ele-1
","ele-1:All FHIR elements must have a @value or children {hasValue() or (children().count() > id.count())}
","CX / EI (occasionally, more often EI maps to a resource id or a URL)","n/a","II - The Identifier class is a little looser than the v3 type II because it allows URIs as well as registered OIDs or GUIDs.  Also maps to Role[classCode=IDENT]","Identifier"
"Identifier.id","Identifier.id","","","",0,1,"","","","string {[]} {[]}
","ID lógico de este artefacto.","ID lógico de este artefacto.","","","","","","","","","",,,,,"",,,,"Element.id",0,1,"","","n/a"
"Identifier.extension","Identifier.extension","","","",0,*,"","","","Extension {[]} {[]}
","Contenido adicional definido por implementaciones.","Contenido adicional definido por implementaciones.","","","","","","","","","",,,,,"","value:url}
","Extensions are always sliced by (at least) url",,"open","Element.extension",0,*,"","ele-1:All FHIR elements must have a @value or children {hasValue() or (children().count() > id.count())}
ext-1:Must have either extensions or value[x], not both {extension.exists() != value.exists()}"
"Identifier.use","Identifier.use","","","",0,1,"","Y","Y","code {[]} {[]}
","El propósito o estatus de este identificador.","El propósito o estatus de este identificador.","Las aplicaciones pueden considerar permanente un identificador salvo que se indique explícitamente que es temporal.","Allows the appropriate identifier for a particular context of use to be selected from among a set of identifiers.","","","","","","","",,"required","Propósito de uso del identificador.","http://hl7.org/fhir/ValueSet/identifier-use|4.0.1","",,,,"Identifier.use",0,1,"","ele-1:All FHIR elements must have a @value or children {hasValue() or (children().count() > id.count())}
","N/A","Role.code or implied by context"
"Identifier.type","Identifier.type","","","",1,1,"","","Y","CodeableConcept {[]} {[]}
","Codificación del tipo de identificador.","Codificación del tipo de identificador.","This element deals only with general categories of identifiers.  It SHOULD not be used for codes that correspond 1..1 with the Identifier.system. Some identifiers may fall into multiple categories due to common usage.   Where the system is known, a type is unnecessary because the type is always part of the system definition. However systems often need to handle identifiers where the system is not known. There is not a 1:1 relationship between type and system, since many different systems have the same type.","Allows users to make use of identifiers when the identifier system is not known.","","","","<valueCodeableConcept xmlns=""http://hl7.org/fhir"">
  <coding>
    <system value=""http://terminology.hl7.org/CodeSystem/v2-0203""/>
    <code value=""XX""/>
    <display value=""Organization identifier""/>
  </coding>
</valueCodeableConcept>","","","",,"extensible","Categoría del identificador, utilizada para elegirlo según el propósito.","http://hl7.org/fhir/ValueSet/identifier-type","",,,,"Identifier.type",0,1,"","ele-1:All FHIR elements must have a @value or children {hasValue() or (children().count() > id.count())}
","CX.5","Role.code or implied by context"
"Identifier.type.id","Identifier.type.id","","","",0,1,"","","","string {[]} {[]}
","Identificador del elemento.","Identificador del elemento para referencias internas dentro del recurso.","","","","","","","","","",,,,,"",,,,"Element.id",0,1,"","","n/a"
"Identifier.type.extension","Identifier.type.extension","","","",0,*,"","","","Extension {[]} {[]}
","Extensiones del elemento.","Información adicional definida mediante extensiones.","","","","","","","","","",,,,,"","value:url}
","Extensions are always sliced by (at least) url",,"open","Element.extension",0,*,"","ele-1:All FHIR elements must have a @value or children {hasValue() or (children().count() > id.count())}
ext-1:Must have either extensions or value[x], not both {extension.exists() != value.exists()}"
"Identifier.type.coding","Identifier.type.coding","","","",0,*,"","","Y","Coding {[]} {[]}
","Codificación del concepto.","Representación del concepto mediante un código de un sistema terminológico.","Codes may be defined very casually in enumerations, or code lists, up to very formal definitions such as SNOMED CT - see the HL7 v3 Core Principles for more information.  Ordering of codings is undefined and SHALL NOT be used to infer meaning. Generally, at most only one of the coding values will be labeled as UserSelected = true.","Allows for alternative encodings within a code system, and translations to other code systems.","","","","","","","",,,,,"",,,,"CodeableConcept.coding",0,*,"","ele-1:All FHIR elements must have a @value or children {hasValue() or (children().count() > id.count())}
","C*E.1-8, C*E.10-22","union(., ./translation)"
"Identifier.type.coding.id","Identifier.type.coding.id","","","",0,1,"","","","string {[]} {[]}
","Identificador del elemento.","Identificador del elemento para referencias internas dentro del recurso.","","","","","","","","","",,,,,"",,,,"Element.id",0,1,"","","n/a"
"Identifier.type.coding.extension","Identifier.type.coding.extension","","","",0,*,"","","","Extension {[]} {[]}
","Extensiones del elemento.","Información adicional definida mediante extensiones.","","","","","","","","","",,,,,"","value:url}
","Extensions are always sliced by (at least) url",,"open","Element.extension",0,*,"","ele-1:All FHIR elements must have a @value or children {hasValue() or (children().count() > id.count())}
ext-1:Must have either extensions or value[x], not both {extension.exists() != value.exists()}"
"Identifier.type.coding.system","Identifier.type.coding.system","","","",0,1,"","","Y","uri {[]} {[]}
","Sistema de codificación.","URI que identifica el sistema terminológico que define el código.","The URI may be an OID (urn:oid:...) or a UUID (urn:uuid:...).  OIDs and UUIDs SHALL be references to the HL7 OID registry. Otherwise, the URI should come from HL7's list of FHIR defined special URIs or it should reference to some definition that establishes the system clearly and unambiguously.","Need to be unambiguous about the source of the definition of the symbol.","","","","","","","",,,,,"",,,,"Coding.system",0,1,"","ele-1:All FHIR elements must have a @value or children {hasValue() or (children().count() > id.count())}
","C*E.3","./codeSystem"
"Identifier.type.coding.version","Identifier.type.coding.version","","","",0,1,"","","Y","string {[]} {[]}
","Versión del sistema de codificación.","Versión del sistema terminológico utilizada para interpretar el código.","Where the terminology does not clearly define what string should be used to identify code system versions, the recommendation is to use the date (expressed in FHIR date format) on which that version was officially published as the version date.","","","","","","","","",,,,,"",,,,"Coding.version",0,1,"","ele-1:All FHIR elements must have a @value or children {hasValue() or (children().count() > id.count())}
","C*E.7","./codeSystemVersion"
"Identifier.type.coding.code","Identifier.type.coding.code","","","",0,1,"","","Y","code {[]} {[]}
","Código del concepto.","Símbolo definido por el sistema terminológico.","","Need to refer to a particular code in the system.","","","","","","","",,,,,"",,,,"Coding.code",0,1,"","ele-1:All FHIR elements must have a @value or children {hasValue() or (children().count() > id.count())}
","C*E.1","./code"
"Identifier.type.coding.display","Identifier.type.coding.display","","","",0,1,"","","Y","string {[]} {[]}
","Texto asociado al código.","Representación legible del código definida por el sistema terminológico.","","Need to be able to carry a human-readable meaning of the code for readers that do not know  the system.","","","","","","","",,,,,"",,,,"Coding.display",0,1,"","ele-1:All FHIR elements must have a @value or children {hasValue() or (children().count() > id.count())}
","C*E.2 - but note this is not well followed","CV.displayName"
"Identifier.type.coding.userSelected","Identifier.type.coding.userSelected","","","",0,1,"","","Y","boolean {[]} {[]}
","Código seleccionado por el usuario.","Indica si el usuario seleccionó directamente esta codificación.","Amongst a set of alternatives, a directly chosen code is the most appropriate starting point for new translations. There is some ambiguity about what exactly 'directly chosen' implies, and trading partner agreement may be needed to clarify the use of this element and its consequences more completely.","This has been identified as a clinical safety criterium - that this exact system/code pair was chosen explicitly, rather than inferred by the system based on some rules or language processing.","","","","","","","",,,,,"",,,,"Coding.userSelected",0,1,"","ele-1:All FHIR elements must have a @value or children {hasValue() or (children().count() > id.count())}
","Sometimes implied by being first","CD.codingRationale"
"Identifier.type.text","Identifier.type.text","","","",0,1,"","","Y","string {[]} {[]}
","Representación textual del concepto.","Texto que expresa el significado del concepto.","Very often the text is the same as a displayName of one of the codings.","The codes from the terminologies do not always capture the correct meaning with all the nuances of the human using them, or sometimes there is no appropriate code at all. In these cases, the text is used to capture the full meaning of the source.","","","","","","","",,,,,"",,,,"CodeableConcept.text",0,1,"","ele-1:All FHIR elements must have a @value or children {hasValue() or (children().count() > id.count())}
","C*E.9. But note many systems use C*E.2 for this","./originalText[mediaType/code=""text/plain""]/data"
"Identifier.system","Identifier.system","","","",1,1,"","","Y","uri {[]} {[]}
","Sistema URI de identificación: urn:ietf:rfc:3986.","Sistema fijo que permite representar el OID institucional como una URI en Identifier.value.","Identifier.system distingue siempre entre mayúsculas y minúsculas.","There are many sets  of identifiers.  To perform matching of two identifiers, we need to know what set we're dealing with. The system identifies a particular set of unique identifiers.","","","<valueUri xmlns=""http://hl7.org/fhir"" value=""urn:ietf:rfc:3986""/>","","<valueUri xmlns=""http://hl7.org/fhir"" value=""http://www.acme.com/identifiers/patient""/>","","",,,,,"",,,,"Identifier.system",0,1,"","ele-1:All FHIR elements must have a @value or children {hasValue() or (children().count() > id.count())}
","CX.4 / EI-2-4","II.root or Role.id.root","./IdentifierType"
"Identifier.value","Identifier.value","","","",1,1,"","","Y","string {[]} {[]}
","OID de la institución.","OID institucional con forma urn:oid: y perteneciente al catálogo HCEN.","If the value is a full URI, then the system SHALL be urn:ietf:rfc:3986.  The value's primary purpose is computational mapping.  As a result, it may be normalized for comparison purposes (e.g. removing non-significant whitespace, dashes, etc.)  A value formatted for human display can be conveyed using the [Rendered Value extension](http://hl7.org/fhir/R4/extension-rendered-value.html). Identifier.value is to be treated as case sensitive unless knowledge of the Identifier.system allows the processer to be confident that non-case-sensitive processing is safe.","","","","","","<valueString xmlns=""http://hl7.org/fhir"" value=""123456""/>","","",,,,,"",,,,"Identifier.value",0,1,"","ele-1:All FHIR elements must have a @value or children {hasValue() or (children().count() > id.count())}
hcen-oid-uri:El dominio debe ser una URI urn:oid: con arcos numéricos válidos. La autorización del OID se verifica por separado. {matches('^urn:oid:([01][.]([0-9]|[1-3][0-9])|2[.](0|[1-9][0-9]*))([.](0|[1-9][0-9]*))*$')}hcen-institution-oid:El OID de la institución debe pertenecer al catálogo HCEN publicado. {value.memberOf('http://fhir.hcen.gub.uy/ValueSet/vs-prestador-oid-mrn')}","CX.1 / EI.1","II.extension or II.root if system indicates OID or GUID (Or Role.id.extension or root)","./Value"
"Identifier.period","Identifier.period","","","",0,1,"","","Y","Period {[]} {[]}
","Periodo de validez del identificador.","Periodo de validez del identificador.","","","","","","","","","",,,,,"",,,,"Identifier.period",0,1,"","ele-1:All FHIR elements must have a @value or children {hasValue() or (children().count() > id.count())}
","CX.7 + CX.8","Role.effectiveTime or implied by context","./StartDate and ./EndDate"
"Identifier.assigner","Identifier.assigner","","","",0,1,"","","Y","Reference {[]} {[CanonicalType[http://fhir.hcen.gub.uy/StructureDefinition/uy-organization]]}
","Organización que emite, administra o es responsable del identificador.","Organización que emite, administra o es responsable del identificador.","La organización emisora puede representarse únicamente mediante display, sin incluir reference.","","","","","","","","",,,,,"",,,,"Identifier.assigner",0,1,"","ele-1:All FHIR elements must have a @value or children {hasValue() or (children().count() > id.count())}
","CX.4 / (CX.4,CX.9,CX.10)","II.assigningAuthorityName but note that this is an improper use by the definition of the field.  Also Role.scoper","./IdentifierIssuingAuthority"
