URL,Version,Status,OIDs,Name,Title,Description,Uses,Used,Sources
http://fhir.hcen.gub.uy/ValueSet/hcen-fhir-serialization,0.1.0,draft,,HCENFHIRSerialization,Tipos MIME de documentos FHIR HCEN,"Serializaciones FHIR JSON y XML para la representación Bundle documental. No identifica el formato del CDA encapsulado.","StructureDefinition/hcen-document-reference","Other"
http://fhir.hcen.gub.uy/ValueSet/vs-barrios-localidades-uy,0.1.0,draft,,VSBarriosLocalidadesUY,Barrios y localidades postales de Uruguay,"Barrios y localidades del listado del Correo Uruguayo, para vincular Address.district.","StructureDefinition/uy-address","Internal"
http://fhir.hcen.gub.uy/ValueSet/vs-class-code,0.1.0,draft,,VSclassCode,EJE 1 — Tipo genérico de documento,"Tipo genérico de documento según la hoja ValueSets de la especificación nacional.","StructureDefinition/hcen-document-reference","LOINC"
http://fhir.hcen.gub.uy/ValueSet/vs-codigos-postales-uy,0.1.0,draft,,VSCodigosPostalesUY,Códigos postales de Uruguay,"Códigos postales admitidos en Address.postalCode.","StructureDefinition/uy-address","Internal"
http://fhir.hcen.gub.uy/ValueSet/vs-composition-status-cnu,0.1.0,draft,,VSCompositionStatusCNU,Conjunto de Valores Estado de la Consulta No Urgente,"Subconjunto de Composition.status permitido para HCENConsultaNoUrgente: final, amended y entered-in-error (excluye preliminary, que no tiene mapeo CDA aplicable).","StructureDefinition/uy-consulta-no-urgente","hl7.fhir.r4.core"
http://fhir.hcen.gub.uy/ValueSet/vs-condition-category-cnu,0.1.0,draft,,VSConditionCategoryCNU,Conjunto de Valores Categoría de Condition (CNU),"Extiende el conjunto de valores base de Condition.category (problem-list-item, encounter-diagnosis) con los códigos SNOMED CT locales usados para motivo de consulta y diagnóstico en la Hoja de Consulta No Urgente.","StructureDefinition/hcen-motivo-consulta,StructureDefinition/hcen-diagnostico","SCT"
http://fhir.hcen.gub.uy/ValueSet/vs-confidentiality-cnu,0.1.0,draft,,VSConfidentialityCNU,Conjunto de Valores Confidencialidad de la Consulta No Urgente,"Subconjunto de Composition.confidentiality permitido para HCENConsultaNoUrgente: N (normal), R (restricted) y V (very restricted).","StructureDefinition/uy-consulta-no-urgente","THO (V3)"
http://fhir.hcen.gub.uy/ValueSet/vs-departamentos-uy,0.1.0,draft,,VSDepartamentosUY,Departamentos de Uruguay,"Los 19 departamentos admitidos en Address.state.","StructureDefinition/uy-address","Internal"
http://fhir.hcen.gub.uy/ValueSet/vs-diagnostico-consulta,0.1.0,draft,,VSDiagnosticoConsulta,Conjunto de Valores Diagnósticos,"Diagnósticos: listado de códigos SNOMED CT de prueba (docs/Códigos para prueba FHIR.xlsx, pestaña Dg).","StructureDefinition/hcen-diagnostico","SCT"
http://fhir.hcen.gub.uy/ValueSet/vs-especialidad-medica,0.1.0,draft,,EspecialidadMedica,Conjunto de Valores Especialidad Médica,"Especialidades médicas válidas para PractitionerRole.specialty.","StructureDefinition/uy-practitioner-role","SCT"
http://fhir.hcen.gub.uy/ValueSet/vs-format-code,0.1.0,draft,,FormatCode,Formato del documento FHIR HCEN,"Formato técnico de la representación FHIR referenciada por DocumentReference.content.attachment.url. La selección inicial utiliza el código IHE para indicar que el tipo MIME es suficiente; no declara perfiles clínicos CDA ni C-CDA.","StructureDefinition/hcen-document-reference","ihe.formatcode.fhir"
http://fhir.hcen.gub.uy/ValueSet/vs-localidades-uy,0.1.0,draft,,VSLocalidadesUY,Localidades de Uruguay,"Localidades de Uruguay publicadas en el catálogo de OSE, para vincular Address.city.","StructureDefinition/uy-address","Internal"
http://fhir.hcen.gub.uy/ValueSet/vs-medicamentos,0.1.0,draft,,VSMedicamentos,Conjunto de Valores Medicamentos (borrador),"PENDIENTE: subconjunto de códigos SNOMED CT para medicamentos, utilizado en la validación del CDA. Contiene un código de ejemplo mientras se define el listado oficial.","StructureDefinition/hcen-medication-administration,StructureDefinition/hcen-medication-request","SCT"
http://fhir.hcen.gub.uy/ValueSet/vs-motivos-consulta,0.1.0,draft,,VSMotivosConsulta,Conjunto de Valores Motivos de Consulta,"Motivos de consulta: listado de códigos SNOMED CT de prueba (docs/Códigos para prueba FHIR.xlsx, pestaña MC).","StructureDefinition/hcen-motivo-consulta","SCT"
http://fhir.hcen.gub.uy/ValueSet/vs-practice-setting,0.1.0,draft,,VSpracticeSetting,EJE 3 — Servicio médico del documento,"Servicio médico del documento según la hoja ValueSets de la especificación nacional.","StructureDefinition/hcen-document-reference","SCT"
http://fhir.hcen.gub.uy/ValueSet/vs-procedimientos,0.1.0,draft,,VSProcedimientos,Conjunto de Valores Procedimientos,"Procedimientos: listado de códigos SNOMED CT de prueba (docs/Códigos para prueba FHIR.xlsx, pestaña Procedimiento).","StructureDefinition/hcen-procedimiento","SCT"
http://fhir.hcen.gub.uy/ValueSet/vs-resultado-procedimiento,0.1.0,draft,,VSResultadoProcedimiento,Conjunto de Valores Resultado de Procedimiento,"Resultados posibles de un procedimiento (procedure.outcome).","StructureDefinition/hcen-procedimiento","SCT"
http://fhir.hcen.gub.uy/ValueSet/vs-rol-profesional,0.1.0,draft,,RolProfesional,Conjunto de Valores Rol del Profesional,"Referencias simples de roles y especialidades en salud (metadato fundacional) para PractitionerRole.code.","StructureDefinition/uy-practitioner-role","SCT"
http://fhir.hcen.gub.uy/ValueSet/vs-sitio-administracion,0.1.0,draft,,VSSitioAdministracion,Conjunto de Valores Sitio de Administración (borrador),"PENDIENTE: subconjunto de códigos SNOMED CT para sitios anatómicos de administración de medicación. Contiene un código de ejemplo mientras se define el listado oficial.","StructureDefinition/hcen-medication-administration,StructureDefinition/hcen-dosage","SCT"
http://fhir.hcen.gub.uy/ValueSet/vs-solicitud-procedimiento,0.1.0,draft,,VSSolicitudProcedimiento,Conjunto de Valores Solicitud de Procedimiento (borrador),"PENDIENTE: subconjunto de códigos SNOMED CT para solicitudes de servicio/procedimiento (refset uruguayo de solicitudes de procedimientos), utilizado en la validación del CDA. Contiene un código de ejemplo mientras se define el listado oficial.","StructureDefinition/hcen-service-request","SCT"
http://fhir.hcen.gub.uy/ValueSet/vs-tipo-procedimiento,0.1.0,draft,,VSTipoProcedimiento,Conjunto de Valores Tipo de Procedimiento (borrador),"PENDIENTE: agrupador de tipo de procedimiento (p.ej. diagnóstico, terapéutico). Contiene un código de ejemplo mientras se define el listado oficial.","StructureDefinition/hcen-procedimiento","SCT"
http://fhir.hcen.gub.uy/ValueSet/vs-type-code,0.1.0,draft,,VStypeCode,EJE 2 — Tipo detallado de documento,"Tipo detallado de documento según la hoja ValueSets de la especificación nacional.","StructureDefinition/hcen-document-reference,StructureDefinition/hcen-encounter","SCT"
http://fhir.hcen.gub.uy/ValueSet/vs-via-administracion,0.1.0,draft,,VSViaAdministracion,Conjunto de Valores Vía de Administración (borrador),"PENDIENTE: subconjunto de códigos para vías de administración farmacológica (oral, intravenosa, intramuscular, subcutánea, inhalatoria, etc.). Contiene un código de ejemplo mientras se define el listado oficial.","StructureDefinition/hcen-medication-administration,StructureDefinition/hcen-dosage","THO (V3)"
http://hl7.org/fhir/ValueSet/address-type,4.0.1,active,"2.16.840.1.113883.4.642.3.69",AddressType,AddressType,"The type of an address (physical / postal).","StructureDefinition/uy-address","hl7.fhir.r4.core"
http://hl7.org/fhir/ValueSet/address-use,4.0.1,active,"2.16.840.1.113883.4.642.3.67",AddressUse,AddressUse,"The use of an address.","StructureDefinition/uy-address","hl7.fhir.r4.core"
http://hl7.org/fhir/ValueSet/administrative-gender,4.0.1,active,"2.16.840.1.113883.4.642.3.1",AdministrativeGender,AdministrativeGender,"The gender of a person used for administrative purposes.","StructureDefinition/uy-practitioner,StructureDefinition/uy-patient","hl7.fhir.r4.core"
http://hl7.org/fhir/ValueSet/c80-facilitycodes,4.0.1,active,"2.16.840.1.113883.3.88.12.80.67",FacilityTypeCodeValueSet,Facility Type Code Value Set,"This is the code representing the type of organizational setting where the clinical encounter, service, interaction, or treatment occurred. The value set used for Healthcare Facility Type has been defined by HITSP to be the value set reproduced from HITSP C80 Table 2-147.","StructureDefinition/hcen-document-reference","SCT"
http://hl7.org/fhir/ValueSet/condition-category,4.0.1,draft,"2.16.840.1.113883.4.642.3.162",ConditionCategoryCodes,Condition Category Codes,"Preferred value set for Condition Categories.","ValueSet/vs-condition-category-cnu","THO"
http://hl7.org/fhir/ValueSet/condition-clinical,4.0.1,draft,"2.16.840.1.113883.4.642.3.164",ConditionClinicalStatusCodes,Condition Clinical Status Codes,"Preferred value set for Condition Clinical Status.","StructureDefinition/hcen-diagnostico","THO"
http://hl7.org/fhir/ValueSet/condition-ver-status,4.0.1,draft,"2.16.840.1.113883.4.642.3.166",ConditionVerificationStatus,ConditionVerificationStatus,"The verification status to support or decline the clinical status of the condition or diagnosis.","StructureDefinition/hcen-diagnostico","THO"
http://hl7.org/fhir/ValueSet/contact-point-system,4.0.1,active,"2.16.840.1.113883.4.642.3.71",ContactPointSystem,ContactPointSystem,"Telecommunications form for contact point.","StructureDefinition/uy-phone-contact-point,StructureDefinition/uy-email-contact-point","hl7.fhir.r4.core"
http://hl7.org/fhir/ValueSet/contact-point-use,4.0.1,active,"2.16.840.1.113883.4.642.3.73",ContactPointUse,ContactPointUse,"Use of contact point.","StructureDefinition/uy-phone-contact-point,StructureDefinition/uy-email-contact-point","hl7.fhir.r4.core"
http://hl7.org/fhir/ValueSet/contactentity-type,4.0.1,draft,"2.16.840.1.113883.4.642.3.416",ContactEntityType,Contact entity type,"This example value set defines a set of codes that can be used to indicate the purpose for which you would contact a contact party.","StructureDefinition/uy-organization","THO"
http://hl7.org/fhir/ValueSet/days-of-week,4.0.1,active,"2.16.840.1.113883.4.642.3.512",DaysOfWeek,DaysOfWeek,"The days of the week.","StructureDefinition/uy-practitioner-role","hl7.fhir.r4.core"
http://hl7.org/fhir/ValueSet/identifier-type,4.0.1,active,"2.16.840.1.113883.4.642.3.45",Identifier Type Codes,IdentifierType,"A coded type for an identifier that can be used to determine which identifier to use for a specific purpose.","StructureDefinition/uy-mrn-identifier,StructureDefinition/uy-ppn-identifier,StructureDefinition/uy-org-identifier,StructureDefinition/uy-ci-identifier","THO (V2)"
http://hl7.org/fhir/ValueSet/identifier-use,4.0.1,active,"2.16.840.1.113883.4.642.3.57",IdentifierUse,IdentifierUse,"Identifies the purpose for this identifier, if known .","StructureDefinition/uy-mrn-identifier,StructureDefinition/uy-ppn-identifier,StructureDefinition/uy-org-identifier,StructureDefinition/uy-ci-identifier","hl7.fhir.r4.core"
http://hl7.org/fhir/ValueSet/languages,4.0.1,draft,"2.16.840.1.113883.4.642.3.20",CommonLanguages,Common Languages,"This value set includes common codes from BCP-47 (http://tools.ietf.org/html/bcp47)","StructureDefinition/uy-organization,StructureDefinition/uy-practitioner,StructureDefinition/uy-patient,StructureDefinition/uy-practitioner-role","hl7.terminology.r4"
http://hl7.org/fhir/ValueSet/link-type,4.0.1,active,"2.16.840.1.113883.4.642.3.423",LinkType,LinkType,"The type of link between this patient resource and another patient resource.","StructureDefinition/uy-patient","hl7.fhir.r4.core"
http://hl7.org/fhir/ValueSet/marital-status,4.0.1,active,"2.16.840.1.113883.4.642.3.29",Marital Status Codes,MaritalStatus,"This value set defines the set of codes that can be used to indicate the marital status of a person.","StructureDefinition/uy-patient","THO (V3)"
http://hl7.org/fhir/ValueSet/name-use,4.0.1,active,"2.16.840.1.113883.4.642.3.65",NameUse,NameUse,"The use of a human name.","StructureDefinition/uy-human-name","hl7.fhir.r4.core"
http://hl7.org/fhir/ValueSet/organization-type,4.0.1,draft,"2.16.840.1.113883.4.642.3.414",OrganizationType,Organization type,"This example value set defines a set of codes that can be used to indicate a type of organization.","StructureDefinition/uy-organization","THO"
http://hl7.org/fhir/ValueSet/patient-contactrelationship,4.0.1,active,"2.16.840.1.113883.4.642.3.1130",PatientContactRelationship,Patient Contact Relationship ,"The nature of the relationship between the patient and the contact person.","StructureDefinition/uy-patient","THO (V2)"
http://hl7.org/fhir/ValueSet/security-labels,4.0.1,active,"2.16.840.1.113883.4.642.3.47",All Security Labels,SecurityLabels,"A single value set for all security labels defined by FHIR.","StructureDefinition/hcen-document-reference",
http://terminology.hl7.org/ValueSet/v2-2.7-0360,0360,active,,v2.0360.2.7,v2 table 0360, Version 2.7,"FHIR Value set/code system definition for HL7 v2 table 0360 ver 2.9 ( Degree/License/Certificate)","StructureDefinition/uy-practitioner","THO (V2)"
